"5.09653,6.2432","5.1378,6.2432","5.1997,6.22434","5.28223,6.22434","5.3235,6.20548","5.36477,6.20548","5.42667,6.18662","5.48857,6.18662","5.55047,6.18662","5.61237,6.18662","5.65364,6.18662","5.69491,6.18662","5.73618,6.18662","5.81871,6.18662","5.88061,6.20548","5.94251,6.20548","5.96315,6.20548","6.04568,6.22434","6.12822,6.22434","6.19012,6.2432","6.21075,6.2432","6.27265,6.26207","6.29329,6.26207","6.39646,6.26207","6.41709,6.26207","6.47899,6.26207","6.49962,6.26207","6.56153,6.26207","6.62343,6.2432","6.68533,6.2432","6.7266,6.2432","6.76786,6.2432","6.80913,6.2432","6.89166,6.2432","6.93293,6.2432","6.95357,6.2432","7.01547,6.26207","7.0361,6.26207","7.11864,6.28093","7.13927,6.29979","7.1599,6.29979","7.20117,6.31865","7.2218,6.33751","7.26307,6.35637","7.28371,6.37524","7.32497,6.3941","7.34561,6.41296","7.34561,6.43182","7.38687,6.45068","7.40751,6.46954","7.44878,6.46954","7.46941,6.48841","7.49004,6.48841","7.55194,6.50727","7.57258,6.50727","7.61385,6.52613","7.65511,6.52613","7.67575,6.52613","7.71701,6.52613","7.73765,6.52613","7.79955,6.52613","7.79955,6.54499","7.82018,6.54499","7.88208,6.56385","7.88208,6.56385","7.90272,6.58271","7.94398,6.58271","7.96462,6.60158","7.96462,6.62044","7.98525,6.6393","8.00589,6.6393","8.00589,6.65816","8.02652,6.67702","8.06779,6.69588","8.06779,6.69588","8.08842,6.71475","8.08842,6.71475","8.10905,6.71475","8.17096,6.73361","8.17096,6.73361","8.19159,6.73361","8.23286,6.75247","8.25349,6.75247","8.29476,6.75247","8.31539,6.75247","8.35666,6.75247","8.39793,6.75247","8.41856,6.75247","8.45983,6.75247","8.48046,6.75247","8.52173,6.75247","8.54236,6.75247","8.563,6.75247","8.6249,6.77133","8.64553,6.77133","8.6868,6.77133","8.70743,6.79019","8.72807,6.79019","8.78997,6.80905","8.8106,6.82792","8.85187,6.82792","8.89314,6.82792","8.91377,6.82792","8.97567,6.82792","9.01694,6.82792","9.03757,6.82792","9.07884,6.82792","9.12011,6.80905","9.18201,6.79019","9.24391,6.79019","9.26454,6.77133","9.32644,6.75247","9.34708,6.73361","9.42961,6.73361","9.47088,6.71475","9.51215,6.71475","9.53278,6.71475","9.55342,6.69588","9.63595,6.69588","9.67722,6.67702","9.71849,6.67702","9.75975,6.67702","9.80102,6.67702","9.88356,6.65816","9.92482,6.65816","9.96609,6.65816","10.0074,6.65816","10.0486,6.6393","10.1105,6.6393","10.1312,6.62044","10.1724,6.62044","10.2137,6.60158","10.255,6.58271","10.3375,6.58271","10.3788,6.56385","10.3994,6.54499","10.4407,6.52613","10.4613,6.52613","10.5645,6.50727","10.5851,6.48841","10.647,6.48841","10.6676,6.48841","10.7295,6.46954","10.7914,6.46954","10.8533,6.46954","10.874,6.46954","10.9152,6.46954","10.9565,6.45068","11.039,6.45068","11.0803,6.45068","11.1216,6.45068","11.1628,6.45068","11.2041,6.45068","11.2866,6.45068","11.3279,6.45068","11.3485,6.46954","11.3692,6.45068","11.4311,6.45068","11.493,6.45068","11.5343,6.45068","11.5549,6.43182","11.5962,6.43182","11.6168,6.43182","11.72,6.41296","11.7406,6.41296","11.8025,6.3941","11.8231,6.3941","11.885,6.3941","11.9469,6.3941","12.0088,6.3941","12.0088,6.37524","12.0501,6.3941","12.0914,6.3941","12.1533,6.3941","12.2152,6.3941","12.2358,6.3941","12.2977,6.3941","12.2977,6.3941","12.3802,6.3941","12.4215,6.41296","12.4628,6.41296","12.4834,6.41296","12.5247,6.41296","12.6072,6.41296","12.6278,6.41296","12.6485,6.41296","12.6897,6.41296","12.7104,6.41296","12.7516,6.3941","12.7723,6.3941","12.8135,6.3941","12.8342,6.3941","12.8548,6.37524",,,,,,,,,,,,,,,,,,,,,,,,,,,,,,,,,,,,,,,,,,,,,,,,,,,,,,,,,,,,,,,,,,,,,,,,
"5.03463,7.05426","5.0759,7.05426","5.11716,7.05426","5.22033,7.05426","5.2616,7.05426","5.30287,7.07312","5.36477,7.05426","5.40604,7.07312","5.48857,7.07312","5.55047,7.09198","5.59174,7.09198","5.63301,7.11084","5.67427,7.11084","5.75681,7.11084","5.79808,7.1297","5.83934,7.1297","5.88061,7.1297","5.92188,7.1297","5.98378,7.11084","6.02505,7.11084","6.06632,7.09198","6.10758,7.09198","6.14885,7.07312","6.23139,7.05426","6.27265,7.03539","6.31392,7.03539","6.35519,7.01653","6.39646,6.99767","6.47899,6.99767","6.52026,6.97881","6.56153,6.97881","6.60279,6.97881","6.64406,6.97881","6.70596,6.97881","6.74723,6.97881","6.7885,6.97881","6.82976,6.97881","6.87103,6.99767","6.95357,6.99767","6.9742,7.01653","7.01547,7.01653","7.05673,7.03539","7.098,7.03539","7.18054,7.05426","7.20117,7.05426","7.24244,7.05426","7.28371,7.07312","7.30434,7.05426","7.38687,7.07312","7.42814,7.07312","7.44878,7.05426","7.49004,7.05426","7.53131,7.05426","7.59321,7.03539","7.63448,7.01653","7.67575,7.01653","7.71701,6.99767","7.75828,6.99767","7.84082,6.97881","7.88208,6.99767","7.92335,6.99767","7.96462,6.99767","7.98525,6.99767","8.06779,6.99767","8.08842,6.99767","8.12969,6.99767","8.17096,7.01653","8.19159,7.01653","8.27412,7.03539","8.31539,7.03539","8.33603,7.03539","8.37729,7.05426","8.41856,7.05426","8.48046,7.07312","8.52173,7.07312","8.563,7.07312","8.60426,7.07312","8.64553,7.07312","8.70743,7.05426","8.7487,7.03539","8.76933,7.01653","8.8106,7.01653","8.85187,6.99767","8.9344,6.95995","8.95504,6.94109","8.99631,6.92222","9.05821,6.92222","9.09947,6.92222","9.18201,6.90336","9.22328,6.90336","9.26454,6.90336","9.30581,6.8845","9.36771,6.8845","9.45025,6.86564","9.51215,6.86564","9.55342,6.86564","9.59468,6.86564","9.65658,6.86564","9.75975,6.8845","9.82165,6.8845","9.86292,6.8845","9.90419,6.86564","9.96609,6.86564","10.0693,6.84678","10.1105,6.82792","10.1518,6.80905","10.2137,6.79019","10.255,6.77133","10.3375,6.73361","10.3994,6.73361","10.4407,6.69588","10.4819,6.67702","10.5232,6.65816","10.647,6.6393","10.7089,6.62044","10.7502,6.60158","10.7914,6.60158","10.8327,6.60158","10.9359,6.58271","10.9771,6.58271","11.0184,6.58271","11.0597,6.56385","11.1009,6.56385","11.1835,6.56385","11.2247,6.56385","11.266,6.56385","11.3279,6.58271","11.3692,6.56385","11.4724,6.58271","11.5136,6.58271","11.5549,6.56385","11.6168,6.56385","11.6581,6.54499","11.7406,6.54499","11.7819,6.54499","11.8231,6.52613","11.885,6.50727","11.9263,6.48841","12.0295,6.46954","12.0707,6.45068","12.1326,6.43182","12.1945,6.43182","12.2358,6.43182","12.3183,6.43182","12.3596,6.43182","12.4009,6.43182","12.4628,6.45068","12.4834,6.45068","12.5659,6.45068","12.6072,6.46954","12.6485,6.48841","12.6691,6.50727",,,,,,,,,,,,,,,,,,,,,,,,,,,,,,,,,,,,,,,,,,,,,,,,,,,,,,,,,,,,,,,,,,,,,,,,,,,,,,,,,,,,,,,,,,,,,,,,,,,,,,,,,,,,,,,,,
"5.46794,7.56352","5.50921,7.56352","5.55047,7.54466","5.65364,7.50694","5.67427,7.48807","5.73618,7.50694","5.75681,7.46921","5.81871,7.46921","5.88061,7.45035","5.96315,7.45035","6.00441,7.45035","6.04568,7.45035","6.08695,7.45035","6.16948,7.45035","6.21075,7.45035","6.25202,7.45035","6.29329,7.45035","6.35519,7.45035","6.41709,7.46921","6.47899,7.45035","6.49962,7.46921","6.56153,7.46921","6.58216,7.45035","6.68533,7.46921","6.70596,7.45035","6.76786,7.46921","6.7885,7.45035","6.8504,7.45035","6.9123,7.43149","6.95357,7.41263","6.99483,7.41263","7.0361,7.39377","7.07737,7.3749","7.13927,7.3749","7.18054,7.3749","7.2218,7.3749","7.26307,7.35604","7.30434,7.33718","7.38687,7.35604","7.42814,7.33718","7.49004,7.33718","7.55194,7.33718","7.57258,7.33718","7.67575,7.33718","7.71701,7.33718","7.75828,7.33718","7.79955,7.33718","7.84082,7.33718","7.92335,7.31832","7.96462,7.29946","8.00589,7.29946","8.04715,7.29946","8.08842,7.2806","8.17096,7.24287","8.21222,7.22401","8.25349,7.22401","8.29476,7.20515","8.33603,7.16743","8.41856,7.14856","8.45983,7.16743","8.52173,7.14856","8.58363,7.14856","8.60426,7.14856","8.70743,7.14856","8.7487,7.14856","8.78997,7.14856","8.83124,7.14856","8.89314,7.14856","8.99631,7.16743","9.03757,7.16743","9.07884,7.16743","9.12011,7.16743","9.16137,7.16743","9.24391,7.16743","9.28518,7.16743","9.32644,7.16743","9.36771,7.16743","9.40898,7.16743","9.49151,7.14856","9.51215,7.16743","9.57405,7.14856","9.61532,7.14856","9.65658,7.14856","9.73912,7.1297","9.78039,7.1297","9.84229,7.1297","9.90419,7.1297","9.92482,7.1297","10.0486,7.14856","10.0899,7.16743","10.1312,7.16743","10.1724,7.16743","10.2343,7.18629","10.2962,7.22401","10.3581,7.22401","10.3788,7.24287","10.4407,7.24287","10.4819,7.24287","10.5645,7.26173","10.6057,7.2806","10.647,7.26173","10.6883,7.2806","10.7295,7.26173","10.8121,7.2806","10.8327,7.26173","10.8946,7.2806","10.9152,7.2806","10.9771,7.2806","11.0184,7.2806","11.0597,7.2806","11.1009,7.2806","11.1422,7.2806","11.1835,7.2806","11.266,7.29946","11.3073,7.31832","11.3485,7.31832","11.3898,7.31832","11.4311,7.31832","11.493,7.35604","11.5549,7.3749","11.5755,7.39377","11.6581,7.39377","11.6993,7.41263","11.7819,7.45035","11.8438,7.46921","11.8644,7.45035","11.9263,7.46921","11.9676,7.45035","12.0501,7.45035","12.112,7.45035","12.1739,7.45035","12.1945,7.45035","12.2564,7.45035","12.339,7.45035","12.3802,7.45035","12.4215,7.46921","12.4628,7.45035","12.504,7.46921","12.5866,7.46921","12.6278,7.46921",,,,,,,,,,,,,,,,,,,,,,,,,,,,,,,,,,,,,,,,,,,,,,,,,,,,,,,,,,,,,,,,,,,,,,,,,,,,,,,,,,,,,,,,,,,,,,,,,,,,,,,,,,,,,,,,,,,,,,,,,,,,,
"5.34414,8.29912","5.3854,8.28026","5.42667,8.28026","5.50921,8.24254","5.55047,8.22368","5.59174,8.22368","5.63301,8.20482","5.67427,8.20482","5.75681,8.18595","5.79808,8.18595","5.83934,8.16709","5.88061,8.16709","5.92188,8.16709","6.00441,8.16709","6.04568,8.14823","6.08695,8.14823","6.12822,8.14823","6.16948,8.16709","6.25202,8.16709","6.29329,8.16709","6.33455,8.14823","6.37582,8.14823","6.39646,8.14823","6.45836,8.12937","6.52026,8.12937","6.54089,8.11051","6.60279,8.11051","6.60279,8.09165","6.68533,8.07278","6.7266,8.07278","6.76786,8.05392","6.7885,8.05392","6.8504,8.03506","6.9123,8.0162","6.9742,8.0162","6.9742,7.99734","7.01547,7.97848","7.05673,7.97848","7.11864,7.94075","7.18054,7.94075","7.20117,7.92189","7.26307,7.92189","7.26307,7.90303","7.32497,7.88417","7.36624,7.86531","7.40751,7.86531","7.44878,7.84644","7.46941,7.84644","7.51068,7.80872","7.53131,7.80872","7.57258,7.78986","7.59321,7.771","7.61385,7.771","7.67575,7.73327","7.69638,7.71441","7.71701,7.71441","7.73765,7.69555","7.77892,7.67669","7.82018,7.63897","7.84082,7.63897","7.86145,7.62011","7.90272,7.62011","7.92335,7.60124","7.96462,7.58238","8.00589,7.56352","8.02652,7.56352","8.08842,7.54466","8.10905,7.54466","8.17096,7.5258","8.21222,7.5258","8.23286,7.50694","8.29476,7.50694","8.31539,7.48807","8.39793,7.46921","8.43919,7.46921","8.45983,7.45035","8.48046,7.45035","8.54236,7.43149","8.58363,7.41263","8.6249,7.41263","8.66617,7.41263","8.70743,7.39377","8.7487,7.39377","8.83124,7.3749","8.8725,7.3749","8.91377,7.3749","8.95504,7.3749","8.99631,7.3749","9.07884,7.3749","9.12011,7.3749","9.16137,7.3749","9.20264,7.39377","9.24391,7.41263","9.32644,7.43149","9.38835,7.43149","9.42961,7.45035","9.47088,7.46921","9.53278,7.46921","9.59468,7.50694","9.65658,7.50694","9.67722,7.50694","9.73912,7.5258","9.75975,7.5258","9.86292,7.54466","9.88356,7.54466","9.94546,7.54466","9.98672,7.54466","10.028,7.54466","10.1105,7.56352","10.1724,7.56352","10.2137,7.56352","10.255,7.58238","10.3169,7.58238","10.3788,7.62011","10.4407,7.62011","10.4613,7.62011","10.5232,7.63897","10.5438,7.63897","10.647,7.67669","10.6676,7.69555","10.7295,7.71441","10.7708,7.71441","10.8121,7.73327","10.8946,7.75214","10.9359,7.75214","10.9771,7.771","11.0184,7.771","11.0803,7.771","11.1835,7.78986","11.2041,7.78986","11.266,7.78986","11.2866,7.78986","11.3485,7.78986","11.4311,7.80872","11.4724,7.80872","11.5136,7.82758","11.5549,7.82758","11.5962,7.82758","11.6787,7.84644","11.72,7.84644","11.7612,7.86531","11.8231,7.86531","11.8644,7.86531","11.9676,7.90303","11.9882,7.92189","12.0501,7.92189","12.0707,7.94075","12.1326,7.94075","12.1945,7.97848","12.2564,7.97848","12.2771,7.97848","12.339,7.97848","12.3596,7.97848","12.4421,7.97848","12.4834,7.97848","12.5247,7.99734",,,,,,,,,,,,,,,,,,,,,,,,,,,,,,,,,,,,,,,,,,,,,,,,,,,,,,,,,,,,,,,,,,,,,,,,,,,,,,,,,,,,,,,,,,,,,,,,,,,,,,,,,,,,,
"4.10611,8.52546","4.14738,8.52546","4.18865,8.5066","4.25055,8.48774","4.29182,8.46888","4.33308,8.46888","4.37435,8.45002","4.41562,8.43116","4.47752,8.39343","4.53942,8.37457","4.58069,8.35571","4.62195,8.33685","4.66322,8.31799","4.74576,8.29912","4.78702,8.28026","4.82829,8.28026","4.86956,8.28026","4.91083,8.28026","4.97273,8.28026","5.014,8.28026","5.05526,8.28026","5.09653,8.28026","5.1378,8.28026","5.22033,8.28026","5.2616,8.28026","5.3235,8.28026","5.36477,8.28026","5.40604,8.28026","5.48857,8.2614","5.50921,8.24254","5.55047,8.24254","5.59174,8.22368","5.63301,8.20482","5.69491,8.18595","5.73618,8.16709","5.77744,8.14823","5.81871,8.12937","5.85998,8.11051","5.94251,8.07278","5.98378,8.05392","6.02505,8.03506","6.06632,8.03506","6.08695,8.0162","6.16948,8.0162","6.19012,8.0162","6.23139,8.0162","6.25202,8.0162","6.29329,7.99734","6.35519,7.99734","6.39646,7.99734","6.43772,7.99734","6.45836,7.99734","6.52026,7.99734","6.58216,7.99734","6.62343,7.97848","6.64406,7.97848","6.68533,7.97848","6.70596,7.95961","6.76786,7.94075","6.7885,7.94075","6.80913,7.92189","6.82976,7.90303","6.8504,7.88417","6.89166,7.84644","6.9123,7.82758","6.93293,7.80872","6.95357,7.78986","6.9742,7.771","7.01547,7.73327","7.0361,7.71441","7.07737,7.69555","7.07737,7.67669","7.11864,7.67669","7.1599,7.65783","7.18054,7.63897","7.2218,7.63897","7.24244,7.63897","7.28371,7.62011","7.34561,7.62011","7.36624,7.62011","7.38687,7.62011","7.42814,7.62011","7.44878,7.62011","7.51068,7.62011","7.53131,7.63897","7.57258,7.62011","7.59321,7.62011","7.61385,7.62011","7.67575,7.62011","7.69638,7.62011","7.73765,7.62011","7.75828,7.62011","7.79955,7.62011","7.88208,7.62011","7.92335,7.62011","7.94398,7.62011","7.98525,7.62011","8.04715,7.60124","8.12969,7.60124","8.17096,7.60124","8.21222,7.60124","8.25349,7.62011","8.29476,7.62011","8.37729,7.63897","8.39793,7.63897","8.43919,7.65783","8.48046,7.67669","8.52173,7.69555","8.58363,7.71441","8.64553,7.73327","8.6868,7.75214","8.72807,7.771","8.76933,7.78986","8.85187,7.82758","8.89314,7.84644","8.9344,7.86531","8.97567,7.88417","9.01694,7.88417","9.09947,7.90303","9.14074,7.90303","9.18201,7.90303","9.22328,7.90303","9.28518,7.90303","9.34708,7.90303","9.40898,7.90303","9.45025,7.90303","9.51215,7.90303","9.55342,7.90303","9.63595,7.92189","9.67722,7.94075","9.71849,7.95961","9.75975,7.95961","9.80102,7.97848","9.88356,7.99734","9.92482,8.0162","9.96609,8.03506","10.0074,8.03506","10.0486,8.05392","10.1312,8.07278","10.1724,8.09165","10.2137,8.11051","10.255,8.11051","10.2962,8.12937","10.3788,8.14823","10.42,8.14823","10.4613,8.14823","10.5026,8.14823","10.5438,8.14823","10.6264,8.14823","10.6883,8.14823","10.7295,8.14823","10.7708,8.14823","10.8121,8.14823","10.8946,8.14823","10.9565,8.14823","10.9978,8.14823","11.039,8.14823","11.0803,8.16709","11.1628,8.18595","11.1835,8.20482","11.2247,8.20482","11.266,8.22368","11.3073,8.22368","11.3898,8.2614","11.4311,8.28026","11.4724,8.29912","11.493,8.31799","11.5343,8.33685","11.5962,8.35571","11.6581,8.37457","11.6787,8.39343","11.72,8.41229","11.7612,8.41229","11.8438,8.43116","11.885,8.43116","11.9263,8.45002","11.9676,8.45002","12.0088,8.45002","12.0914,8.45002","12.1326,8.46888","12.1739,8.46888","12.1945,8.46888","12.2564,8.46888","12.339,8.5066","12.3802,8.5066","12.4215,8.5066","12.4421,8.52546","12.4834,8.54433","12.5453,8.58205","12.5659,8.58205","12.6072,8.60091",,,,,,,,,,,,,,,,,,,,,,,,,,,,,,,,,,,,,,,,,,,,,,,,,,,,,,,,,,,,,,,,,,,,,,,,,,
"3.81724,7.50694","3.85851,7.50694","3.89977,7.50694","3.98231,7.48807","4.02358,7.48807","4.08548,7.48807","4.10611,7.46921","4.16801,7.46921","4.25055,7.45035","4.29182,7.43149","4.33308,7.43149","4.37435,7.43149","4.41562,7.41263","4.49815,7.41263","4.56005,7.41263","4.62195,7.41263","4.64259,7.41263","4.70449,7.41263","4.78702,7.41263","4.82829,7.41263","4.89019,7.41263","4.95209,7.43149","4.97273,7.43149","5.0759,7.45035","5.09653,7.45035","5.15843,7.45035","5.17907,7.45035","5.24097,7.45035","5.30287,7.45035","5.36477,7.45035","5.3854,7.43149","5.4473,7.43149","5.46794,7.41263","5.57111,7.39377","5.61237,7.3749","5.65364,7.35604","5.69491,7.33718","5.73618,7.33718","5.81871,7.31832","5.85998,7.31832","5.90125,7.31832","5.94251,7.31832","5.98378,7.31832","6.06632,7.31832","6.10758,7.31832","6.16948,7.31832","6.21075,7.31832","6.25202,7.31832","6.33455,7.33718","6.39646,7.33718","6.39646,7.33718","6.43772,7.35604","6.47899,7.35604","6.54089,7.35604","6.58216,7.33718","6.62343,7.33718","6.66469,7.33718","6.70596,7.31832","6.76786,7.29946","6.7885,7.2806","6.8504,7.26173","6.87103,7.24287","6.9123,7.22401","6.99483,7.20515","7.0361,7.18629","7.07737,7.16743","7.098,7.16743","7.11864,7.16743","7.20117,7.14856","7.24244,7.14856","7.28371,7.1297","7.32497,7.1297","7.36624,7.1297","7.42814,7.1297","7.44878,7.1297","7.51068,7.1297","7.53131,7.1297","7.57258,7.1297","7.65511,7.1297","7.67575,7.1297","7.69638,7.1297","7.73765,7.1297","7.75828,7.1297","7.82018,7.1297","7.86145,7.1297","7.90272,7.1297","7.94398,7.1297","7.98525,7.11084","8.06779,7.11084","8.10905,7.09198","8.15032,7.09198","8.17096,7.09198","8.21222,7.09198","8.29476,7.09198","8.33603,7.09198","8.37729,7.09198","8.39793,7.11084","8.45983,7.11084","8.54236,7.1297","8.58363,7.14856","8.6249,7.14856","8.66617,7.16743","8.70743,7.18629","8.78997,7.20515","8.83124,7.22401","8.85187,7.22401","8.91377,7.24287","8.9344,7.24287","9.01694,7.26173","9.05821,7.26173","9.09947,7.26173","9.12011,7.26173","9.16137,7.26173","9.24391,7.2806","9.28518,7.26173","9.32644,7.26173","9.36771,7.26173","9.40898,7.26173","9.49151,7.26173","9.53278,7.2806","9.57405,7.2806","9.63595,7.2806","9.69785,7.2806","9.75975,7.2806","9.82165,7.29946","9.84229,7.29946","9.90419,7.29946","9.94546,7.29946","10.028,7.29946","10.0693,7.29946","10.1105,7.29946","10.1518,7.29946","10.2137,7.29946","10.3169,7.31832","10.3375,7.31832","10.3788,7.31832","10.42,7.29946","10.4613,7.29946","10.5645,7.2806","10.5851,7.2806","10.647,7.26173","10.6883,7.26173","10.7295,7.24287","10.8327,7.22401","10.8946,7.22401","10.9152,7.20515","10.9771,7.20515","10.9978,7.20515","11.1009,7.20515","11.1422,7.18629","11.1835,7.18629","11.2247,7.18629","11.2866,7.18629","11.3898,7.16743","11.4311,7.16743","11.4724,7.18629","11.5343,7.18629","11.5962,7.18629","11.6787,7.18629","11.6993,7.18629","11.7612,7.18629","11.8025,7.18629","11.8231,7.18629","11.9469,7.18629","11.9882,7.18629","12.0295,7.18629","12.0707,7.18629","12.112,7.18629","12.1945,7.16743","12.2564,7.14856","12.2771,7.14856","12.339,7.14856","12.3802,7.14856","12.4628,7.14856","12.504,7.14856","12.5659,7.14856","12.6278,7.14856","12.6485,7.14856","12.7516,7.16743","12.7929,7.16743","12.8342,7.16743",,,,,,,,,,,,,,,,,,,,,,,,,,,,,,,,,,,,,,,,,,,,,,,,,,,,,,,,,,,,,,,,,,,,,,,,,,,,,,,,,,,,
"3.75534,6.13004","3.79661,6.13004","3.83787,6.13004","3.94104,6.13004","3.98231,6.11117","4.04421,6.11117","4.08548,6.11117","4.12675,6.11117","4.22991,6.09231","4.27118,6.09231","4.31245,6.07345","4.35372,6.07345","4.41562,6.07345","4.47752,6.07345","4.51879,6.07345","4.56005,6.07345","4.62195,6.05459","4.66322,6.05459","4.76639,6.05459","4.80766,6.05459","4.84893,6.05459","4.91083,6.05459","4.95209,6.05459","5.03463,6.05459","5.0759,6.05459","5.11716,6.05459","5.15843,6.05459","5.1997,6.05459","5.28223,6.05459","5.3235,6.05459","5.36477,6.03573","5.40604,6.03573","5.4473,6.03573","5.52984,6.03573","5.57111,6.03573","5.61237,6.01687","5.65364,6.01687","5.69491,6.01687","5.77744,6.01687","5.79808,6.01687","5.83934,6.01687","5.88061,6.01687","5.92188,6.01687","6.00441,6.01687","6.04568,6.01687","6.08695,6.01687","6.12822,6.03573","6.16948,6.03573","6.25202,6.05459","6.29329,6.05459","6.33455,6.07345","6.35519,6.07345","6.39646,6.09231","6.45836,6.09231","6.49962,6.09231","6.54089,6.11117","6.58216,6.13004","6.62343,6.13004","6.70596,6.1489","6.74723,6.16776","6.7885,6.16776","6.82976,6.18662","6.87103,6.20548","6.93293,6.22434","6.9742,6.2432","7.01547,6.2432","7.0361,6.26207","7.07737,6.28093","7.13927,6.29979","7.18054,6.31865","7.2218,6.31865","7.24244,6.33751","7.28371,6.35637","7.34561,6.37524","7.38687,6.3941","7.42814,6.41296","7.44878,6.41296","7.49004,6.43182","7.55194,6.45068","7.57258,6.46954","7.61385,6.46954","7.63448,6.48841","7.65511,6.48841","7.71701,6.50727","7.73765,6.50727","7.77892,6.52613","7.79955,6.52613","7.82018,6.52613","7.88208,6.52613","7.90272,6.52613","7.94398,6.54499","7.96462,6.54499","8.00589,6.54499","8.06779,6.56385","8.10905,6.56385","8.12969,6.58271","8.15032,6.58271","8.19159,6.60158","8.25349,6.62044","8.29476,6.62044","8.31539,6.62044","8.35666,6.62044","8.37729,6.62044","8.43919,6.62044","8.45983,6.62044","8.5011,6.62044","8.54236,6.62044","8.58363,6.60158","8.64553,6.58271","8.6868,6.58271","8.70743,6.56385","8.72807,6.56385","8.76933,6.54499","8.83124,6.52613","8.8725,6.50727","8.89314,6.50727","8.9344,6.48841","8.97567,6.46954","9.03757,6.45068","9.07884,6.43182","9.12011,6.43182","9.16137,6.41296","9.20264,6.41296","9.26454,6.3941","9.30581,6.37524","9.34708,6.35637","9.36771,6.35637","9.40898,6.33751","9.47088,6.33751","9.51215,6.31865","9.55342,6.31865","9.57405,6.29979","9.61532,6.29979","9.69785,6.28093","9.73912,6.26207","9.78039,6.26207","9.82165,6.2432","9.84229,6.22434","9.92482,6.22434","9.94546,6.20548","9.98672,6.18662","10.028,6.18662","10.0693,6.16776","10.1518,6.16776","10.1931,6.1489","10.2343,6.1489","10.2756,6.13004","10.3169,6.13004","10.3994,6.11117","10.4407,6.11117","10.4819,6.11117","10.5232,6.09231","10.5645,6.09231","10.6264,6.07345","10.6676,6.05459","10.7089,6.05459","10.7502,6.03573","10.7914,6.03573","10.874,5.998","10.8946,5.998","10.9359,5.97914","10.9771,5.96028","11.0184,5.94142","11.1009,5.92256","11.1422,5.92256","11.1835,5.9037","11.2041,5.9037","11.2454,5.9037","11.3279,5.88483","11.3692,5.86597","11.4105,5.86597","11.4517,5.84711","11.493,5.84711","11.5755,5.82825","11.6168,5.82825","11.6581,5.82825","11.6993,5.80939","11.72,5.80939","11.8025,5.79053","11.8438,5.77166","11.885,5.77166","11.9057,5.77166","11.9469,5.7528","12.0295,5.73394","12.0707,5.73394","12.112,5.71508","12.1326,5.69622","12.1739,5.67736","12.2564,5.65849","12.2977,5.63963","12.339,5.63963","12.3802,5.62077","12.4215,5.62077","12.4834,5.60191","12.5247,5.58305","12.5659,5.58305","12.6072,5.56419","12.6485,5.56419","12.731,5.56419","12.7723,5.56419","12.8135,5.54532","12.8548,5.54532",,,,,,,,,,,,,,,,,,,,,,,,,,,,,,,,,,,,,,,,,,,,,,,,,,,,,,,,,,,,,,,
"3.17759,6.62044","3.21886,6.62044","3.28076,6.6393","3.3633,6.6393","3.40456,6.6393","3.46647,6.6393","3.50773,6.6393","3.549,6.6393","3.63154,6.6393","3.69344,6.6393","3.7347,6.6393","3.77597,6.6393","3.83787,6.6393","3.92041,6.62044","3.98231,6.6393","4.02358,6.62044","4.06484,6.6393","4.12675,6.62044","4.20928,6.6393","4.25055,6.62044","4.29182,6.6393","4.33308,6.6393","4.37435,6.6393","4.47752,6.6393","4.51879,6.6393","4.58069,6.65816","4.62195,6.67702","4.66322,6.67702","4.76639,6.69588","4.80766,6.71475","4.84893,6.71475","4.89019,6.71475","4.93146,6.71475","5.014,6.71475","5.0759,6.73361","5.11716,6.73361","5.15843,6.73361","5.22033,6.75247","5.30287,6.71475","5.36477,6.71475","5.40604,6.71475","5.46794,6.71475","5.50921,6.71475","5.59174,6.71475","5.63301,6.73361","5.67427,6.75247","5.71554,6.73361","5.75681,6.75247","5.83934,6.75247","5.88061,6.75247","5.92188,6.75247","5.96315,6.77133","6.00441,6.79019","6.08695,6.79019","6.12822,6.79019","6.16948,6.80905","6.21075,6.82792","6.23139,6.82792","6.31392,6.82792","6.33455,6.82792","6.37582,6.82792","6.39646,6.82792","6.43772,6.82792","6.49962,6.82792","6.54089,6.82792","6.58216,6.82792","6.60279,6.80905","6.64406,6.82792","6.70596,6.80905","6.74723,6.82792","6.7885,6.80905","6.80913,6.82792","6.82976,6.82792","6.87103,6.82792","6.9123,6.82792","6.93293,6.84678","6.95357,6.86564","6.9742,6.84678","7.01547,6.8845","7.0361,6.8845","7.05673,6.90336","7.07737,6.8845","7.07737,6.90336","7.13927,6.90336","7.1599,6.92222","7.18054,6.94109","7.20117,6.92222","7.2218,6.94109","7.28371,6.92222","7.30434,6.94109","7.34561,6.92222","7.36624,6.94109","7.40751,6.92222","7.46941,6.94109","7.51068,6.92222","7.53131,6.94109","7.57258,6.92222","7.59321,6.94109","7.65511,6.94109","7.69638,6.94109","7.71701,6.94109","7.75828,6.94109","7.79955,6.95995","7.88208,6.97881","7.90272,6.95995","7.94398,6.99767","7.98525,6.99767","8.02652,7.01653","8.08842,6.99767","8.12969,7.03539","8.17096,7.03539","8.21222,7.03539","8.25349,7.03539","8.33603,7.03539","8.37729,7.03539","8.41856,7.03539","8.43919,7.03539","8.48046,7.03539","8.563,7.01653","8.60426,6.99767","8.64553,7.01653","8.6868,6.99767","8.7487,7.01653","8.8106,6.99767","8.85187,7.01653","8.89314,6.99767","8.9344,7.01653","8.97567,6.99767","9.05821,7.01653","9.12011,6.99767","9.16137,7.01653","9.20264,6.99767","9.24391,7.01653","9.34708,6.99767","9.38835,7.01653","9.42961,6.99767","9.47088,7.01653","9.51215,6.99767","9.59468,6.99767","9.63595,6.99767","9.67722,6.97881","9.73912,6.95995","9.75975,6.95995","9.86292,6.94109","9.90419,6.92222","9.96609,6.92222","10.0074,6.92222","10.0486,6.90336","10.1312,6.90336","10.1931,6.90336","10.2343,6.90336","10.2756,6.90336","10.3169,6.90336","10.3994,6.90336","10.4613,6.8845","10.5026,6.90336","10.5438,6.8845","10.6057,6.90336","10.6883,6.8845","10.7295,6.90336","10.7708,6.8845","10.8121,6.90336","10.8533,6.8845","10.9359,6.8845","10.9771,6.8845","11.039,6.86564","11.0597,6.84678","11.1009,6.84678","11.1835,6.82792","11.2247,6.80905","11.266,6.80905","11.3073,6.80905","11.3485,6.79019","11.4311,6.77133","11.4724,6.79019","11.5136,6.77133","11.5549,6.79019","11.5962,6.77133","11.6787,6.79019","11.72,6.79019","11.7819,6.79019","11.8025,6.79019","11.8438,6.79019","11.9263,6.80905","11.9882,6.82792","12.0295,6.82792","12.0501,6.82792","12.0914,6.82792","12.1739,6.82792","12.2152,6.80905","12.2564,6.84678","12.2977,6.84678","12.339,6.84678","12.4009,6.84678","12.4421,6.84678","12.4834,6.84678","12.5247,6.82792","12.5659,6.82792",,,,,,,,,,,,,,,,,,,,,,,,,,,,,,,,,,,,,,,,,,,,,,,,,,,,,,,,,,,,,,,,,,,
"2.90936,5.48874","2.95062,5.48874","2.99189,5.48874","3.07443,5.5076","3.13633,5.5076","3.15696,5.5076","3.21886,5.5076","3.26013,5.5076","3.3633,5.48874","3.4252,5.48874","3.46647,5.48874","3.50773,5.48874","3.56963,5.48874","3.6728,5.48874","3.69344,5.48874","3.75534,5.48874","3.77597,5.48874","3.83787,5.5076","3.92041,5.5076","3.96168,5.5076","4.00294,5.5076","4.06484,5.52646","4.12675,5.52646","4.20928,5.52646","4.25055,5.54532","4.29182,5.54532","4.33308,5.56419","4.37435,5.56419","4.45689,5.58305","4.51879,5.58305","4.58069,5.58305","4.60132,5.58305","4.66322,5.58305","4.72512,5.58305","4.80766,5.58305","4.84893,5.56419","4.89019,5.56419","4.93146,5.56419","5.03463,5.54532","5.05526,5.54532","5.11716,5.52646","5.1378,5.52646","5.17907,5.52646","5.2616,5.52646","5.30287,5.52646","5.34414,5.54532","5.3854,5.54532","5.42667,5.54532","5.50921,5.54532","5.55047,5.56419","5.59174,5.56419","5.61237,5.58305","5.65364,5.58305","5.71554,5.60191","5.77744,5.60191","5.79808,5.62077","5.83934,5.62077","5.88061,5.62077","5.96315,5.62077","5.98378,5.63963","6.00441,5.63963","6.06632,5.63963","6.08695,5.63963","6.16948,5.62077","6.21075,5.62077","6.25202,5.62077","6.27265,5.62077","6.29329,5.62077","6.37582,5.60191","6.41709,5.60191","6.43772,5.60191","6.43772,5.60191","6.47899,5.60191","6.52026,5.62077","6.56153,5.62077","6.58216,5.63963","6.62343,5.63963","6.64406,5.65849","6.66469,5.69622","6.70596,5.71508","6.7266,5.73394","6.7266,5.7528","6.74723,5.77166","6.7885,5.80939","6.80913,5.82825","6.80913,5.84711","6.82976,5.86597","6.87103,5.88483","6.9123,5.9037","6.93293,5.9037","6.93293,5.92256","6.95357,5.92256","7.01547,5.92256","7.0361,5.94142","7.07737,5.94142","7.098,5.94142","7.098,5.94142","7.13927,5.94142","7.18054,5.96028","7.20117,5.96028","7.24244,5.97914","7.26307,5.97914","7.28371,5.998","7.34561,6.01687","7.34561,6.01687","7.38687,6.03573","7.40751,6.05459","7.44878,6.07345","7.51068,6.11117","7.53131,6.13004","7.57258,6.1489","7.61385,6.16776","7.63448,6.18662","7.67575,6.22434","7.71701,6.2432","7.73765,6.2432","7.77892,6.26207","7.82018,6.26207","7.88208,6.28093","7.90272,6.28093","7.94398,6.29979","7.98525,6.29979","8.02652,6.29979","8.08842,6.29979","8.10905,6.29979","8.17096,6.29979","8.19159,6.31865","8.23286,6.31865","8.31539,6.31865","8.35666,6.31865","8.39793,6.31865","8.43919,6.31865","8.48046,6.31865","8.563,6.33751","8.60426,6.33751","8.64553,6.33751","8.6868,6.31865","8.72807,6.31865","8.8106,6.31865","8.85187,6.31865","8.89314,6.31865","8.95504,6.31865","8.95504,6.29979","9.05821,6.29979","9.09947,6.28093","9.14074,6.26207","9.18201,6.2432","9.22328,6.22434","9.30581,6.20548","9.34708,6.18662","9.38835,6.16776","9.42961,6.1489","9.49151,6.13004","9.53278,6.09231","9.57405,6.07345","9.61532,6.07345","9.65658,6.05459","9.69785,6.03573","9.78039,6.01687","9.80102,5.998","9.86292,5.97914","9.90419,5.97914","9.92482,5.96028","10.0486,5.96028","10.0899,5.94142","10.1312,5.94142","10.1724,5.94142","10.2137,5.94142","10.2756,5.92256","10.3169,5.9037","10.3375,5.88483","10.3994,5.88483","10.42,5.86597","10.5232,5.84711","10.5438,5.82825","10.6057,5.80939","10.6264,5.79053","10.6676,5.79053","10.7708,5.7528","10.7914,5.73394","10.8327,5.71508","10.874,5.71508","10.9152,5.69622","10.9771,5.67736","10.9978,5.67736","11.0597,5.65849","11.0803,5.65849","11.1216,5.63963","11.2041,5.62077","11.2247,5.62077","11.2454,5.62077","11.3073,5.60191","11.3279,5.60191","11.4311,5.60191","11.4517,5.58305","11.493,5.58305","11.5343,5.58305","11.5755,5.58305","11.6581,5.56419","11.6993,5.56419","11.72,5.54532","11.7406,5.52646","11.7819,5.5076","11.8438,5.48874","11.8644,5.45102","11.9057,5.45102","11.9469,5.43215","11.9882,5.41329","12.0501,5.37557","12.0707,5.37557","12.1326,5.35671","12.1533,5.33785","12.1945,5.33785","12.2771,5.31898","12.2977,5.30012","12.3183,5.30012","12.3596,5.30012","12.4009,5.30012","12.4628,5.28126","12.4628,5.28126","12.504,5.28126","12.5247,5.28126","12.5866,5.28126","12.6072,5.28126","12.6691,5.28126","12.6691,5.28126",,,,,,,,,,,,,,,,,,,,,,,,,,,,,,,,,,,,,,,
"2.66175,6.09231","2.70302,6.09231","2.74429,6.09231","2.82682,6.09231","2.86809,6.07345","2.90936,6.07345","2.95062,6.07345","2.99189,6.07345","3.07443,6.05459","3.11569,6.05459","3.15696,6.03573","3.19823,6.03573","3.2395,6.03573","3.3014,6.03573","3.34266,6.03573","3.38393,6.03573","3.44583,6.03573","3.4871,6.05459","3.56963,6.05459","3.63154,6.05459","3.6728,6.07345","3.71407,6.09231","3.75534,6.09231","3.83787,6.11117","3.87914,6.13004","3.92041,6.13004","3.96168,6.13004","4.00294,6.13004","4.08548,6.13004","4.12675,6.13004","4.16801,6.13004","4.20928,6.13004","4.25055,6.13004","4.33308,6.11117","4.39498,6.11117","4.43625,6.11117","4.47752,6.09231","4.51879,6.09231","4.60132,6.07345","4.64259,6.07345","4.68386,6.07345","4.72512,6.07345","4.74576,6.09231","4.82829,6.09231","4.86956,6.09231","4.91083,6.09231","4.95209,6.11117","4.99336,6.11117","5.05526,6.13004","5.11716,6.1489","5.15843,6.1489","5.17907,6.16776","5.24097,6.18662","5.30287,6.20548","5.34414,6.22434","5.36477,6.2432","5.40604,6.2432","5.4473,6.2432","5.50921,6.26207","5.55047,6.26207","5.59174,6.26207","5.63301,6.26207","5.65364,6.28093","5.73618,6.28093","5.75681,6.28093","5.79808,6.28093","5.83934,6.28093","5.88061,6.28093","5.94251,6.28093","5.98378,6.28093","6.02505,6.28093","6.04568,6.29979","6.08695,6.29979","6.14885,6.31865","6.19012,6.33751","6.21075,6.35637","6.25202,6.35637","6.27265,6.37524","6.33455,6.41296","6.35519,6.43182","6.37582,6.45068","6.41709,6.46954","6.43772,6.48841","6.47899,6.52613","6.47899,6.54499","6.49962,6.56385","6.52026,6.56385","6.54089,6.58271","6.60279,6.60158","6.62343,6.60158","6.64406,6.62044","6.66469,6.62044","6.70596,6.6393","6.74723,6.6393","6.7885,6.65816","6.80913,6.65816","6.8504,6.65816","6.87103,6.65816","6.93293,6.67702","6.9742,6.67702","6.99483,6.67702","7.0361,6.67702","7.07737,6.67702","7.11864,6.69588","7.13927,6.69588","7.18054,6.69588","7.20117,6.71475","7.2218,6.71475","7.28371,6.71475","7.32497,6.73361","7.34561,6.73361","7.38687,6.73361","7.42814,6.73361","7.49004,6.75247","7.51068,6.77133","7.55194,6.77133","7.57258,6.79019","7.61385,6.79019","7.65511,6.80905","7.69638,6.80905","7.71701,6.80905","7.75828,6.80905","7.79955,6.80905","7.86145,6.80905","7.90272,6.80905","7.94398,6.79019","7.98525,6.79019","8.02652,6.77133","8.10905,6.77133","8.15032,6.75247","8.17096,6.75247","8.21222,6.73361","8.25349,6.73361","8.33603,6.73361","8.35666,6.73361","8.39793,6.73361","8.43919,6.73361","8.48046,6.73361","8.54236,6.73361","8.58363,6.73361","8.6249,6.73361","8.66617,6.73361","8.70743,6.73361","8.78997,6.75247","8.83124,6.75247","8.8725,6.75247","8.91377,6.75247","8.95504,6.75247","9.01694,6.77133","9.05821,6.77133","9.09947,6.77133","9.14074,6.77133","9.18201,6.77133","9.24391,6.77133","9.28518,6.77133","9.30581,6.79019","9.36771,6.77133","9.40898,6.77133","9.49151,6.75247","9.51215,6.75247","9.55342,6.73361","9.61532,6.73361","9.63595,6.73361","9.73912,6.73361","9.78039,6.73361","9.82165,6.73361","9.84229,6.73361","9.88356,6.73361","9.96609,6.73361","10.0074,6.73361","10.0486,6.73361","10.0899,6.73361","10.1518,6.73361","10.2137,6.75247","10.255,6.75247","10.2962,6.77133","10.3375,6.75247","10.3788,6.77133","10.4613,6.77133","10.4819,6.77133","10.5438,6.75247","10.5645,6.75247","10.6057,6.73361","10.6883,6.71475","10.7295,6.71475","10.7502,6.69588","10.7914,6.67702","10.8327,6.65816","10.9152,6.62044","10.9359,6.58271","10.9771,6.58271","11.0184,6.56385","11.0597,6.54499","11.1216,6.52613","11.1628,6.50727","11.2041,6.50727","11.2247,6.48841","11.266,6.48841","11.3485,6.46954","11.3898,6.46954","11.4311,6.45068","11.4724,6.45068","11.5136,6.43182","11.5962,6.43182","11.6374,6.43182","11.6787,6.43182","11.72,6.43182","11.7612,6.43182","11.8438,6.41296","11.885,6.41296","11.9263,6.3941","11.9676,6.3941","12.0088,6.37524","12.0914,6.33751","12.112,6.31865","12.1533,6.29979","12.1739,6.28093","12.2152,6.26207","12.2977,6.22434","12.3183,6.20548","12.3596,6.18662","12.4009,6.16776","12.4215,6.1489","12.4834,6.11117","12.5247,6.11117",,,,,,,,,,,,,,,,,,,,,,,,,,,,,,,,,,,,,,,,
"2.39351,7.11084","2.43478,7.11084","2.47605,7.11084","2.55858,7.11084","2.57922,7.09198","2.64112,7.11084","2.66175,7.09198","2.72365,7.11084","2.78555,7.09198","2.84745,7.11084","2.86809,7.11084","2.92999,7.11084","2.95062,7.11084","3.03316,7.11084","3.09506,7.11084","3.11569,7.11084","3.17759,7.11084","3.19823,7.11084","3.3014,7.09198","3.34266,7.09198","3.38393,7.09198","3.4252,7.09198","3.46647,7.07312","3.549,7.07312","3.59027,7.07312","3.63154,7.07312","3.65217,7.07312","3.71407,7.07312","3.77597,7.07312","3.83787,7.07312","3.85851,7.07312","3.89977,7.07312","3.94104,7.07312","4.02358,7.09198","4.06484,7.09198","4.10611,7.09198","4.14738,7.09198","4.18865,7.11084","4.27118,7.11084","4.31245,7.1297","4.35372,7.1297","4.39498,7.1297","4.41562,7.1297","4.49815,7.14856","4.53942,7.14856","4.58069,7.14856","4.62195,7.14856","4.66322,7.1297","4.74576,7.1297","4.78702,7.1297","4.82829,7.11084","4.84893,7.11084","4.91083,7.11084","4.97273,7.09198","5.03463,7.09198","5.03463,7.09198","5.0759,7.09198","5.11716,7.09198","5.1997,7.09198","5.24097,7.09198","5.28223,7.09198","5.30287,7.09198","5.36477,7.09198","5.42667,7.11084","5.46794,7.11084","5.50921,7.11084","5.55047,7.11084","5.59174,7.11084","5.63301,7.1297","5.67427,7.1297","5.71554,7.1297","5.73618,7.1297","5.75681,7.1297","5.83934,7.1297","5.88061,7.1297","5.90125,7.1297","5.92188,7.11084","5.96315,7.11084","6.02505,7.11084","6.04568,7.09198","6.08695,7.09198","6.12822,7.09198","6.14885,7.07312","6.19012,7.07312","6.21075,7.07312","6.27265,7.05426","6.27265,7.05426","6.29329,7.05426","6.37582,7.05426","6.39646,7.05426","6.41709,7.05426","6.45836,7.05426","6.49962,7.05426","6.54089,7.05426","6.58216,7.07312","6.60279,7.07312","6.60279,7.07312","6.62343,7.09198","6.68533,7.11084","6.70596,7.1297","6.7266,7.1297","6.74723,7.14856","6.7885,7.16743","6.82976,7.18629","6.8504,7.18629","6.8504,7.20515","6.89166,7.20515","6.9123,7.22401","6.9742,7.22401","6.99483,7.24287","7.0361,7.22401","7.05673,7.24287","7.05673,7.24287","7.098,7.24287","7.13927,7.24287","7.1599,7.24287","7.20117,7.24287","7.2218,7.24287","7.26307,7.24287","7.30434,7.24287","7.32497,7.24287","7.38687,7.24287","7.42814,7.26173","7.46941,7.26173","7.51068,7.26173","7.55194,7.2806","7.59321,7.2806","7.63448,7.2806","7.71701,7.29946","7.75828,7.31832","7.79955,7.31832","7.84082,7.33718","7.88208,7.33718","7.96462,7.3749","7.98525,7.39377","8.04715,7.39377","8.06779,7.39377","8.12969,7.41263","8.19159,7.41263","8.23286,7.41263","8.29476,7.41263","8.31539,7.43149","8.35666,7.41263","8.45983,7.43149","8.48046,7.43149","8.54236,7.43149","8.563,7.43149","8.60426,7.43149","8.6868,7.43149","8.72807,7.43149","8.76933,7.45035","8.8106,7.45035","8.85187,7.45035","8.9344,7.46921","8.97567,7.46921","9.01694,7.48807","9.05821,7.46921","9.12011,7.48807","9.18201,7.48807","9.22328,7.50694","9.26454,7.50694","9.32644,7.5258","9.34708,7.5258","9.45025,7.5258","9.49151,7.54466","9.53278,7.54466","9.55342,7.54466","9.63595,7.54466","9.69785,7.54466","9.73912,7.5258","9.75975,7.5258","9.84229,7.5258","9.88356,7.5258","9.96609,7.50694","10.0074,7.48807","10.0486,7.50694","10.1105,7.48807","10.1312,7.50694","10.2343,7.50694","10.2756,7.50694","10.3169,7.50694","10.3375,7.50694","10.3994,7.50694","10.4613,7.50694","10.5232,7.50694","10.5438,7.50694","10.6057,7.50694","10.647,7.50694","10.7295,7.5258","10.7708,7.50694","10.8121,7.50694","10.8533,7.50694","10.8946,7.50694","10.9771,7.48807","11.0184,7.46921","11.0597,7.46921","11.1009,7.45035","11.1422,7.43149","11.2247,7.41263","11.2866,7.41263","11.3485,7.39377","11.3692,7.39377","11.4311,7.39377","11.5136,7.3749","11.5549,7.3749","11.5962,7.3749","11.6374,7.3749","11.6993,7.3749","11.7819,7.35604","11.8231,7.35604","11.8644,7.35604","11.9057,7.35604","11.9469,7.35604","12.0295,7.35604","12.0707,7.35604","12.112,7.35604","12.1326,7.35604","12.1533,7.35604","12.2564,7.35604","12.2771,7.33718","12.339,7.33718","12.339,7.33718","12.3802,7.31832",,,,,,,,,,,,,,,,,,,,,,,,,,,,,,,,,,,,,,,,,,
"1.87767,7.48807","1.91894,7.48807","1.93957,7.48807","2.00147,7.48807","2.04274,7.48807","2.08401,7.48807","2.12527,7.46921","2.16654,7.45035","2.24908,7.45035","2.29034,7.43149","2.33161,7.41263","2.37288,7.43149","2.41415,7.39377","2.47605,7.39377","2.49668,7.39377","2.55858,7.39377","2.57922,7.39377","2.64112,7.41263","2.70302,7.43149","2.74429,7.41263","2.78555,7.43149","2.82682,7.43149","2.86809,7.43149","2.95062,7.45035","3.01252,7.46921","3.03316,7.46921","3.09506,7.46921","3.11569,7.48807","3.21886,7.50694","3.2395,7.48807","3.3014,7.50694","3.32203,7.48807","3.38393,7.50694","3.46647,7.48807","3.50773,7.48807","3.549,7.48807","3.6109,7.48807","3.6728,7.48807","3.7347,7.46921","3.79661,7.45035","3.81724,7.46921","3.87914,7.45035","3.87914,7.46921","3.96168,7.46921","3.98231,7.46921","4.04421,7.46921","4.06484,7.46921","4.12675,7.46921","4.16801,7.46921","4.20928,7.48807","4.22991,7.50694","4.27118,7.50694","4.31245,7.50694","4.37435,7.50694","4.39498,7.48807","4.43625,7.50694","4.47752,7.48807","4.51879,7.48807","4.58069,7.46921","4.60132,7.45035","4.64259,7.45035","4.68386,7.43149","4.70449,7.41263","4.74576,7.39377","4.76639,7.3749","4.82829,7.3749","4.82829,7.3749","4.86956,7.3749","4.91083,7.35604","4.95209,7.33718","4.99336,7.33718","5.014,7.33718","5.0759,7.33718","5.11716,7.31832","5.15843,7.29946","5.17907,7.31832","5.24097,7.29946","5.2616,7.31832","5.34414,7.29946","5.3854,7.31832","5.40604,7.29946","5.42667,7.31832","5.46794,7.29946","5.52984,7.29946","5.52984,7.29946","5.57111,7.29946","5.59174,7.2806","5.63301,7.26173","5.69491,7.26173","5.69491,7.24287","5.71554,7.22401","5.75681,7.22401","5.77744,7.22401","5.81871,7.18629","5.83934,7.18629","5.88061,7.16743","5.90125,7.14856","5.92188,7.14856","5.98378,7.14856","6.00441,7.14856","6.04568,7.14856","6.08695,7.14856","6.10758,7.14856","6.14885,7.16743","6.16948,7.14856","6.21075,7.16743","6.25202,7.16743","6.27265,7.16743","6.29329,7.16743","6.35519,7.16743","6.35519,7.16743","6.37582,7.16743","6.41709,7.16743","6.47899,7.14856","6.49962,7.16743","6.54089,7.14856","6.56153,7.14856","6.56153,7.14856","6.60279,7.1297","6.64406,7.11084","6.66469,7.1297","6.70596,7.11084","6.74723,7.1297","6.7885,7.1297","6.82976,7.1297","6.87103,7.14856","6.9123,7.16743","6.93293,7.16743","6.9742,7.20515","7.01547,7.22401","7.0361,7.26173","7.07737,7.26173","7.11864,7.2806","7.18054,7.29946","7.18054,7.31832","7.2218,7.31832","7.24244,7.31832","7.30434,7.31832","7.34561,7.33718","7.38687,7.35604","7.42814,7.33718","7.46941,7.35604","7.49004,7.33718","7.59321,7.3749","7.61385,7.3749","7.65511,7.3749","7.69638,7.39377","7.71701,7.3749","7.77892,7.41263","7.84082,7.41263","7.86145,7.43149","7.90272,7.43149","7.94398,7.43149","8.02652,7.45035","8.06779,7.48807","8.08842,7.50694","8.12969,7.50694","8.15032,7.50694","8.25349,7.5258","8.27412,7.56352","8.31539,7.56352","8.35666,7.58238","8.39793,7.56352","8.48046,7.58238","8.52173,7.58238","8.563,7.58238","8.60426,7.56352","8.64553,7.58238","8.72807,7.56352","8.76933,7.56352","8.8106,7.56352","8.85187,7.58238","8.89314,7.56352","8.95504,7.60124","8.97567,7.60124","9.03757,7.60124","9.05821,7.60124","9.12011,7.62011","9.18201,7.62011","9.24391,7.63897","9.28518,7.65783","9.30581,7.65783","9.36771,7.67669","9.42961,7.71441","9.49151,7.73327","9.49151,7.71441","9.53278,7.73327","9.57405,7.73327","9.63595,7.73327","9.69785,7.73327","9.71849,7.73327","9.78039,7.75214","9.80102,7.75214","9.88356,7.75214","9.92482,7.73327","9.96609,7.73327","10.0074,7.71441","10.0486,7.73327","10.1312,7.73327","10.1724,7.75214","10.2137,7.771","10.2343,7.75214","10.255,7.771","10.3581,7.75214","10.3788,7.771","10.42,7.78986","10.4819,7.80872","10.5026,7.80872","10.6057,7.82758","10.6264,7.84644","10.6676,7.84644","10.7089,7.86531","10.7502,7.88417","10.8327,7.86531","10.874,7.88417","10.8946,7.88417","10.9152,7.88417","10.9565,7.88417","11.0597,7.86531","11.0803,7.86531","11.1422,7.86531","11.1422,7.84644","11.1835,7.82758","11.266,7.82758","11.3073,7.82758","11.3485,7.82758","11.3898,7.82758","11.4311,7.82758","11.4724,7.80872","11.5136,7.80872","11.5549,7.80872","11.5962,7.80872","11.6168,7.80872","11.72,7.82758","11.72,7.84644","11.7612,7.84644","11.8025,7.86531","11.8231,7.88417","11.885,7.88417","11.9057,7.88417","11.9469,7.90303","11.9882,7.92189","12.0088,7.90303","12.0501,7.92189","12.0914,7.92189","12.112,7.92189","12.1533,7.92189","12.1945,7.90303","12.2564,7.92189","12.2564,7.90303","12.2977,7.92189","12.339,7.90303","12.3596,7.92189","12.4421,7.92189","12.4628,7.92189","12.4834,7.92189","12.5247,7.92189",,,,,,,,
"2.18718,8.12937","2.22844,8.12937","2.26971,8.12937","2.35224,8.14823","2.39351,8.14823","2.43478,8.14823","2.47605,8.14823","2.51731,8.16709","2.62048,8.16709","2.66175,8.16709","2.72365,8.16709","2.76492,8.18595","2.80619,8.18595","2.88872,8.20482","2.92999,8.20482","2.97126,8.20482","3.01252,8.20482","3.05379,8.20482","3.11569,8.20482","3.15696,8.20482","3.19823,8.18595","3.26013,8.18595","3.3014,8.16709","3.38393,8.14823","3.4252,8.12937","3.46647,8.12937","3.50773,8.11051","3.549,8.11051","3.6109,8.09165","3.65217,8.09165","3.69344,8.09165","3.71407,8.09165","3.75534,8.07278","3.83787,8.07278","3.87914,8.07278","3.92041,8.07278","3.96168,8.07278","4.00294,8.07278","4.08548,8.07278","4.12675,8.09165","4.16801,8.09165","4.18865,8.09165","4.22991,8.07278","4.29182,8.07278","4.31245,8.07278","4.35372,8.07278","4.39498,8.05392","4.41562,8.05392","4.49815,8.03506","4.53942,8.0162","4.58069,7.99734","4.60132,7.99734","4.64259,7.97848","4.70449,7.95961","4.74576,7.94075","4.78702,7.94075","4.82829,7.92189","4.84893,7.90303","4.93146,7.88417","4.95209,7.88417","4.99336,7.88417","5.03463,7.86531","5.0759,7.86531","5.15843,7.84644","5.1997,7.84644","5.24097,7.84644","5.28223,7.84644","5.3235,7.84644","5.36477,7.82758","5.40604,7.82758","5.4473,7.82758","5.46794,7.80872","5.50921,7.80872","5.57111,7.78986","5.61237,7.78986","5.63301,7.771","5.67427,7.75214","5.71554,7.75214","5.77744,7.71441","5.81871,7.69555","5.85998,7.67669","5.90125,7.67669","5.92188,7.65783","6.00441,7.63897","6.02505,7.63897","6.06632,7.62011","6.10758,7.62011","6.14885,7.62011","6.21075,7.60124","6.25202,7.60124","6.29329,7.60124","6.33455,7.60124","6.37582,7.60124","6.45836,7.60124","6.49962,7.60124","6.52026,7.60124","6.54089,7.60124","6.58216,7.60124","6.64406,7.60124","6.68533,7.60124","6.70596,7.60124","6.7266,7.60124","6.76786,7.58238","6.82976,7.58238","6.82976,7.58238","6.87103,7.58238","6.89166,7.58238","6.93293,7.58238","6.9742,7.58238","7.01547,7.58238","7.0361,7.58238","7.07737,7.58238","7.098,7.58238","7.18054,7.60124","7.2218,7.60124","7.24244,7.60124","7.28371,7.60124","7.32497,7.60124","7.38687,7.62011","7.42814,7.62011","7.46941,7.63897","7.51068,7.63897","7.57258,7.65783","7.61385,7.67669","7.65511,7.67669","7.69638,7.69555","7.71701,7.69555","7.75828,7.69555","7.82018,7.71441","7.86145,7.73327","7.90272,7.73327","7.92335,7.73327","7.96462,7.73327","8.04715,7.75214","8.08842,7.75214","8.12969,7.75214","8.17096,7.75214","8.21222,7.771","8.27412,7.78986","8.31539,7.78986","8.35666,7.78986","8.39793,7.80872","8.41856,7.80872","8.5011,7.82758","8.54236,7.84644","8.58363,7.84644","8.60426,7.86531","8.64553,7.88417","8.70743,7.92189","8.76933,7.94075","8.78997,7.95961","8.83124,7.97848","8.8725,7.99734","8.9344,8.0162","8.95504,8.0162","8.99631,8.03506","9.03757,8.05392","9.05821,8.05392","9.14074,8.07278","9.16137,8.07278","9.20264,8.07278","9.24391,8.09165","9.28518,8.09165","9.36771,8.11051","9.40898,8.12937","9.45025,8.12937","9.47088,8.12937","9.51215,8.14823","9.57405,8.14823","9.61532,8.14823","9.65658,8.14823","9.69785,8.16709","9.73912,8.16709","9.80102,8.18595","9.84229,8.18595","9.88356,8.20482","9.92482,8.20482","9.96609,8.22368","10.0486,8.24254","10.0899,8.24254","10.1312,8.24254","10.1518,8.24254","10.1931,8.24254","10.2756,8.24254","10.3169,8.24254","10.3581,8.22368","10.3994,8.22368","10.4407,8.22368","10.5232,8.20482","10.5645,8.18595","10.6057,8.18595","10.647,8.18595","10.6883,8.16709","10.7502,8.16709","10.7914,8.16709","10.8327,8.16709","10.874,8.14823","10.9152,8.14823","10.9978,8.16709","11.039,8.16709","11.0803,8.16709","11.1216,8.18595","11.1628,8.18595","11.2454,8.20482","11.2866,8.20482","11.3073,8.22368","11.3692,8.22368","11.4105,8.22368","11.4724,8.22368","11.5136,8.22368","11.5549,8.22368","11.5962,8.24254","11.6374,8.22368","11.72,8.22368","11.7406,8.22368","11.7819,8.22368","11.8231,8.20482","11.8644,8.20482","11.9469,8.20482","11.9676,8.20482","12.0088,8.20482","12.0295,8.18595","12.0707,8.18595","12.1326,8.16709","12.1533,8.16709","12.1945,8.16709","12.2358,8.14823","12.2771,8.12937","12.3183,8.11051","12.3596,8.11051","12.4009,8.11051","12.4215,8.09165","12.4628,8.09165","12.504,8.05392","12.5247,8.05392",,,,,,,,,,,,,,,,,,,,,,,,,,,,,,
"2.97126,7.88417","3.01252,7.88417","3.05379,7.88417","3.13633,7.90303","3.17759,7.90303","3.21886,7.90303","3.26013,7.88417","3.3014,7.90303","3.38393,7.88417","3.4252,7.88417","3.46647,7.86531","3.50773,7.86531","3.549,7.84644","3.63154,7.82758","3.6728,7.82758","3.71407,7.82758","3.75534,7.80872","3.81724,7.80872","3.89977,7.80872","3.94104,7.80872","3.98231,7.80872","4.02358,7.82758","4.06484,7.82758","4.14738,7.84644","4.18865,7.84644","4.22991,7.86531","4.27118,7.86531","4.31245,7.88417","4.39498,7.88417","4.43625,7.88417","4.47752,7.88417","4.49815,7.88417","4.51879,7.88417","4.60132,7.86531","4.66322,7.86531","4.68386,7.84644","4.74576,7.82758","4.76639,7.82758","4.84893,7.78986","4.89019,7.771","4.93146,7.771","4.97273,7.75214","4.99336,7.73327","5.05526,7.73327","5.11716,7.71441","5.1378,7.71441","5.1997,7.69555","5.22033,7.69555","5.30287,7.67669","5.36477,7.67669","5.3854,7.65783","5.4473,7.67669","5.46794,7.65783","5.57111,7.65783","5.59174,7.63897","5.63301,7.63897","5.67427,7.62011","5.71554,7.62011","5.77744,7.58238","5.79808,7.56352","5.85998,7.54466","5.88061,7.5258","5.92188,7.50694","6.00441,7.46921","6.04568,7.45035","6.08695,7.43149","6.10758,7.41263","6.12822,7.41263","6.23139,7.39377","6.25202,7.3749","6.31392,7.3749","6.33455,7.35604","6.39646,7.35604","6.43772,7.35604","6.47899,7.35604","6.52026,7.35604","6.56153,7.35604","6.60279,7.35604","6.66469,7.35604","6.7266,7.35604","6.7266,7.35604","6.76786,7.35604","6.80913,7.35604","6.87103,7.35604","6.93293,7.35604","6.95357,7.33718","6.99483,7.33718","7.0361,7.33718","7.098,7.33718","7.11864,7.33718","7.1599,7.33718","7.20117,7.33718","7.24244,7.35604","7.30434,7.3749","7.32497,7.3749","7.36624,7.39377","7.38687,7.39377","7.40751,7.41263","7.46941,7.45035","7.49004,7.46921","7.53131,7.48807","7.55194,7.50694","7.57258,7.5258","7.63448,7.54466","7.63448,7.56352","7.67575,7.58238","7.71701,7.58238","7.75828,7.60124","7.82018,7.60124","7.88208,7.62011","7.90272,7.62011","7.94398,7.62011","7.98525,7.62011","8.06779,7.65783","8.10905,7.65783","8.12969,7.67669","8.15032,7.69555","8.19159,7.71441","8.25349,7.75214","8.27412,7.771","8.31539,7.78986","8.35666,7.80872","8.39793,7.84644","8.45983,7.88417","8.48046,7.90303","8.54236,7.92189","8.563,7.94075","8.6249,7.94075","8.6868,7.95961","8.7487,7.95961","8.76933,7.95961","8.8106,7.95961","8.85187,7.95961","8.95504,7.97848","8.97567,7.97848","9.03757,7.97848","9.07884,7.97848","9.09947,7.99734","9.20264,8.0162","9.22328,8.0162","9.28518,8.03506","9.30581,8.03506","9.34708,8.05392","9.42961,8.07278","9.47088,8.09165","9.51215,8.11051","9.55342,8.12937","9.57405,8.12937","9.63595,8.16709","9.69785,8.18595","9.71849,8.20482","9.78039,8.20482","9.80102,8.20482","9.88356,8.22368","9.92482,8.22368","9.96609,8.22368","10.0074,8.22368","10.0486,8.22368","10.1518,8.20482","10.1518,8.20482","10.1931,8.18595","10.2343,8.18595","10.2756,8.18595","10.3581,8.18595","10.42,8.18595","10.4819,8.18595","10.4819,8.18595","10.5232,8.20482","10.6057,8.18595","10.647,8.18595","10.6883,8.18595","10.7502,8.20482","10.8121,8.20482","10.874,8.20482","10.9152,8.18595","10.9565,8.18595","11.0184,8.18595","11.0184,8.18595","11.1009,8.16709","11.1422,8.14823","11.1835,8.12937","11.2041,8.11051","11.266,8.09165","11.3279,8.07278","11.3898,8.05392","11.3898,8.03506","11.4311,8.0162","11.4724,7.99734","11.5549,7.97848","11.5755,7.95961","11.6374,7.97848","11.6787,7.97848","11.6993,7.95961","11.7819,7.95961","11.8231,7.95961","11.8644,7.95961","11.885,7.95961","11.9057,7.97848","12.0088,7.99734","12.0501,7.99734","12.0914,7.99734","12.112,8.0162","12.1533,8.0162","12.2358,8.0162","12.2564,8.0162","12.2564,8.0162","12.2977,8.0162","12.339,8.0162","12.4009,8.0162","12.4628,8.0162","12.4628,8.0162","12.504,8.0162","12.5453,8.0162","12.6278,8.03506","12.6485,8.03506","12.7104,8.05392",,,,,,,,,,,,,,,,,,,,,,,,,,,,,,,,,,,,,,,,,,,,,,,,,
"10.5851,6.43182","10.5438,6.43182","10.5026,6.45068","10.4407,6.45068","10.3788,6.45068","10.3581,6.46954","10.3169,6.45068","10.2756,6.46954","10.1931,6.45068","10.1724,6.45068","10.1518,6.45068","10.0899,6.45068","10.0693,6.43182","9.98672,6.41296","9.94546,6.41296","9.90419,6.3941","9.86292,6.3941","9.82165,6.3941","9.75975,6.37524","9.73912,6.37524","9.67722,6.37524","9.65658,6.37524","9.61532,6.37524","9.55342,6.37524","9.51215,6.37524","9.49151,6.37524","9.42961,6.37524","9.40898,6.37524","9.32644,6.37524","9.30581,6.37524","9.28518,6.37524","9.22328,6.3941","9.22328,6.3941","9.16137,6.3941","9.12011,6.3941","9.09947,6.37524","9.07884,6.37524","9.03757,6.37524","8.99631,6.35637","8.97567,6.33751","8.95504,6.33751","8.9344,6.31865","8.91377,6.29979","8.8725,6.26207","8.83124,6.2432","8.8106,6.22434","8.8106,6.20548","8.78997,6.18662","8.72807,6.1489","8.72807,6.13004","8.6868,6.11117","8.66617,6.11117","8.6249,6.09231","8.58363,6.05459","8.54236,6.03573","8.52173,6.03573","8.52173,6.01687","8.48046,6.01687","8.43919,5.97914","8.39793,5.97914","8.35666,5.97914","8.33603,5.97914","8.29476,5.96028","8.23286,5.94142","8.21222,5.94142","8.17096,5.92256","8.15032,5.92256","8.15032,5.9037","8.08842,5.88483","8.04715,5.88483","8.02652,5.86597","8.00589,5.84711","7.96462,5.82825","7.90272,5.80939","7.90272,5.79053","7.86145,5.77166","7.84082,5.7528","7.79955,5.73394","7.73765,5.69622","7.71701,5.67736","7.65511,5.65849","7.65511,5.63963","7.61385,5.62077","7.57258,5.60191","7.53131,5.58305","7.51068,5.56419","7.46941,5.56419","7.42814,5.54532","7.38687,5.52646","7.34561,5.52646","7.30434,5.52646","7.26307,5.5076","7.24244,5.52646","7.20117,5.52646","7.18054,5.52646","7.11864,5.52646","7.098,5.52646","7.05673,5.52646","7.01547,5.52646","6.9742,5.52646","6.93293,5.5076","6.9123,5.5076","6.89166,5.5076","6.82976,5.5076","6.7885,5.5076","6.76786,5.5076","6.70596,5.5076","6.68533,5.5076","6.62343,5.5076","6.60279,5.5076","6.54089,5.5076","6.52026,5.52646","6.47899,5.52646","6.41709,5.56419","6.41709,5.56419","6.37582,5.58305","6.35519,5.60191","6.31392,5.62077","6.25202,5.65849","6.25202,5.67736","6.23139,5.69622","6.19012,5.71508","6.16948,5.73394","6.12822,5.77166","6.10758,5.79053","6.06632,5.80939","6.04568,5.82825","6.02505,5.84711","5.96315,5.88483","5.96315,5.9037","5.94251,5.92256","5.88061,5.92256","5.88061,5.94142","5.81871,5.96028","5.77744,5.97914","5.73618,5.998","5.71554,5.998","5.69491,5.998","5.61237,6.01687","5.57111,6.03573","5.55047,6.03573","5.52984,6.05459","5.46794,6.07345","5.42667,6.09231","5.3854,6.11117","5.36477,6.11117","5.30287,6.13004","5.28223,6.13004","5.1997,6.16776","5.17907,6.18662","5.15843,6.20548","5.09653,6.22434","5.0759,6.22434","4.99336,6.26207","4.95209,6.28093","4.91083,6.29979","4.86956,6.29979","4.82829,6.31865","4.76639,6.31865","4.74576,6.31865","4.68386,6.31865","4.66322,6.33751","4.62195,6.31865","4.53942,6.31865","4.49815,6.31865","4.47752,6.31865","4.43625,6.31865","4.41562,6.31865","4.33308,6.31865","4.29182,6.31865","4.25055,6.31865","4.20928,6.33751","4.18865,6.33751","4.12675,6.33751","4.06484,6.33751","4.04421,6.35637","4.00294,6.33751","3.96168,6.35637","3.87914,6.37524","3.83787,6.37524","3.79661,6.37524","3.75534,6.37524","3.71407,6.37524","3.65217,6.3941","3.63154,6.3941","3.56963,6.37524","3.549,6.37524","3.50773,6.37524","3.4252,6.35637","3.38393,6.33751","3.34266,6.33751","3.3014,6.33751","3.26013,6.31865","3.17759,6.29979","3.13633,6.28093","3.09506,6.28093","3.05379,6.28093","3.01252,6.28093","2.95062,6.26207","2.92999,6.28093","2.86809,6.26207","2.84745,6.26207","2.80619,6.26207","2.72365,6.2432","2.68238,6.2432","2.64112,6.2432","2.59985,6.2432","2.55858,6.2432","2.49668,6.2432",,,,,,,,,,,,,,,,,,,,,,,,,,,,,,,,,,,,,,,,,,,,,,,,,,,,,,,,
"10.8946,5.62077","10.8533,5.62077","10.8121,5.60191","10.7089,5.60191","10.647,5.58305","10.6057,5.54532","10.5438,5.52646","10.5026,5.54532","10.3994,5.48874","10.3375,5.5076","10.2962,5.48874","10.255,5.5076","10.2137,5.48874","10.1105,5.5076","10.0693,5.48874","10.028,5.5076","9.98672,5.5076","9.94546,5.5076","9.84229,5.52646","9.78039,5.54532","9.71849,5.54532","9.67722,5.56419","9.61532,5.58305","9.53278,5.56419","9.49151,5.56419","9.45025,5.56419","9.40898,5.54532","9.34708,5.52646","9.26454,5.52646","9.22328,5.5076","9.18201,5.46988","9.12011,5.45102","9.07884,5.43215","8.97567,5.39443","8.9344,5.37557","8.89314,5.39443","8.85187,5.37557","8.8106,5.39443","8.72807,5.37557","8.6868,5.39443","8.64553,5.37557","8.60426,5.39443","8.54236,5.37557","8.45983,5.39443","8.39793,5.39443","8.35666,5.39443","8.31539,5.41329","8.27412,5.43215","8.19159,5.41329","8.15032,5.41329","8.10905,5.39443","8.06779,5.37557","8.02652,5.37557","7.94398,5.35671","7.90272,5.31898","7.86145,5.30012","7.84082,5.30012","7.79955,5.28126","7.71701,5.22468","7.67575,5.22468","7.63448,5.22468","7.59321,5.20581","7.55194,5.18695","7.49004,5.20581","7.42814,5.18695","7.38687,5.18695","7.34561,5.18695","7.32497,5.20581","7.24244,5.18695","7.20117,5.22468","7.1599,5.22468","7.11864,5.24354","7.07737,5.22468","6.99483,5.24354","6.95357,5.22468","6.9123,5.24354","6.87103,5.22468","6.8504,5.24354","6.76786,5.20581","6.7266,5.18695","6.68533,5.18695","6.64406,5.18695","6.60279,5.16809","6.54089,5.14923","6.49962,5.16809","6.45836,5.14923","6.41709,5.16809","6.39646,5.16809","6.33455,5.16809","6.29329,5.18695","6.25202,5.20581","6.21075,5.20581","6.16948,5.22468","6.08695,5.28126","6.04568,5.30012","6.00441,5.33785","5.94251,5.35671","5.90125,5.35671","5.83934,5.39443","5.79808,5.41329","5.73618,5.43215","5.71554,5.41329","5.67427,5.43215","5.59174,5.41329","5.52984,5.41329","5.48857,5.41329","5.4473,5.41329","5.40604,5.41329","5.3235,5.39443","5.2616,5.37557","5.1997,5.39443","5.15843,5.39443","5.11716,5.39443","5.03463,5.41329","4.99336,5.43215","4.95209,5.43215","4.91083,5.45102","4.86956,5.46988","4.76639,5.46988","4.72512,5.48874","4.66322,5.5076","4.62195,5.5076","4.58069,5.5076","4.47752,5.52646","4.43625,5.54532","4.39498,5.52646","4.35372,5.54532","4.31245,5.52646","4.22991,5.54532","4.18865,5.52646","4.14738,5.52646","4.10611,5.5076","4.04421,5.48874","3.96168,5.48874","3.92041,5.48874","3.87914,5.48874","3.83787,5.48874","3.79661,5.48874","3.71407,5.5076","3.65217,5.48874","3.6109,5.5076","3.59027,5.48874","3.52837,5.5076","3.46647,5.5076","3.4252,5.52646","3.38393,5.54532","3.32203,5.52646","3.26013,5.54532","3.17759,5.54532","3.13633,5.54532","3.09506,5.54532","3.05379,5.54532","3.03316,5.52646","2.97126,5.52646","2.92999,5.5076","2.88872,5.48874","2.86809,5.46988","2.84745,5.43215","2.80619,5.37557","2.76492,5.37557","2.74429,5.35671","2.72365,5.31898","2.68238,5.30012",,,,,,,,,,,,,,,,,,,,,,,,,,,,,,,,,,,,,,,,,,,,,,,,,,,,,,,,,,,,,,,,,,,,,,,,,,,,,,,,,,,,,,,,,,,,,,,,,,,,,,
"11.9676,5.24354","11.9469,5.24354","11.9469,5.24354","11.885,5.2624","11.8231,5.2624","11.8231,5.28126","11.7819,5.28126","11.7612,5.30012","11.6787,5.31898","11.6374,5.31898","11.6168,5.33785","11.5962,5.33785","11.5549,5.33785","11.493,5.33785","11.4724,5.33785","11.4311,5.33785","11.3898,5.33785","11.3485,5.33785","11.2866,5.31898","11.266,5.31898","11.2041,5.31898","11.1835,5.31898","11.1216,5.31898","11.0803,5.30012","11.039,5.30012","11.0184,5.30012","10.9565,5.30012","10.9359,5.31898","10.8533,5.31898","10.8121,5.31898","10.7914,5.31898","10.7708,5.33785","10.7295,5.33785","10.647,5.35671","10.6057,5.37557","10.5645,5.37557","10.5232,5.39443","10.5026,5.39443","10.4407,5.41329","10.3994,5.41329","10.3581,5.41329","10.3375,5.41329","10.3169,5.41329","10.2343,5.41329","10.1931,5.41329","10.1724,5.39443","10.1518,5.39443","10.0899,5.39443","10.0486,5.35671","10.0074,5.35671","9.98672,5.33785","9.92482,5.33785","9.90419,5.33785","9.84229,5.31898","9.82165,5.31898","9.78039,5.31898","9.75975,5.31898","9.73912,5.31898","9.67722,5.31898","9.65658,5.31898","9.61532,5.31898","9.57405,5.31898","9.55342,5.31898","9.51215,5.33785","9.47088,5.33785","9.42961,5.33785","9.40898,5.33785","9.36771,5.35671","9.30581,5.35671","9.28518,5.35671","9.24391,5.35671","9.22328,5.33785","9.20264,5.33785","9.14074,5.33785","9.12011,5.31898","9.07884,5.31898","9.05821,5.30012","9.03757,5.30012","8.97567,5.28126","8.95504,5.28126","8.91377,5.2624","8.89314,5.2624","8.8725,5.24354","8.83124,5.24354","8.78997,5.24354","8.76933,5.24354","8.76933,5.24354","8.7487,5.24354","8.6868,5.24354","8.66617,5.24354","8.6249,5.24354","8.60426,5.24354","8.60426,5.2624","8.563,5.28126","8.54236,5.28126","8.48046,5.30012","8.48046,5.30012","8.45983,5.30012","8.39793,5.31898","8.39793,5.31898","8.35666,5.31898","8.33603,5.31898","8.29476,5.31898","8.25349,5.31898","8.21222,5.31898","8.19159,5.31898","8.19159,5.30012","8.17096,5.30012","8.10905,5.28126","8.08842,5.28126","8.04715,5.2624","8.02652,5.2624","8.02652,5.2624","7.98525,5.2624","7.96462,5.24354","7.92335,5.24354","7.90272,5.24354","7.90272,5.24354","7.88208,5.24354","7.84082,5.24354","7.82018,5.2624","7.82018,5.2624","7.82018,5.28126","7.79955,5.28126","7.75828,5.28126","7.75828,5.28126","7.73765,5.30012","7.73765,5.28126","7.69638,5.30012","7.67575,5.30012","7.63448,5.30012","7.61385,5.28126","7.61385,5.28126","7.57258,5.28126","7.55194,5.28126","7.49004,5.28126","7.49004,5.2624","7.44878,5.2624","7.38687,5.24354","7.34561,5.22468","7.30434,5.22468","7.28371,5.22468","7.26307,5.22468","7.20117,5.22468","7.18054,5.22468","7.1599,5.22468","7.13927,5.22468","7.098,5.22468","7.0361,5.24354","7.0361,5.2624","6.99483,5.2624","6.9742,5.28126","6.93293,5.28126","6.87103,5.31898","6.8504,5.33785","6.80913,5.35671","6.76786,5.37557","6.74723,5.39443","6.70596,5.41329","6.66469,5.43215","6.62343,5.43215","6.60279,5.45102","6.56153,5.45102","6.49962,5.46988","6.47899,5.46988","6.43772,5.48874","6.39646,5.48874","6.35519,5.48874","6.27265,5.48874","6.23139,5.48874","6.19012,5.48874","6.14885,5.48874","6.10758,5.48874","6.02505,5.5076","5.98378,5.5076","5.96315,5.5076","5.94251,5.5076","5.88061,5.52646","5.83934,5.54532","5.79808,5.54532","5.77744,5.56419","5.71554,5.56419","5.69491,5.56419","5.61237,5.58305","5.57111,5.60191","5.52984,5.62077","5.48857,5.63963","5.4473,5.63963","5.36477,5.65849","5.3235,5.65849","5.28223,5.65849","5.24097,5.67736","5.1997,5.67736","5.11716,5.67736","5.0759,5.65849","5.03463,5.65849","4.99336,5.63963","4.95209,5.63963","4.86956,5.62077","4.82829,5.62077","4.78702,5.60191","4.72512,5.60191","4.70449,5.58305","4.62195,5.56419","4.58069,5.56419","4.53942,5.56419","4.49815,5.56419","4.47752,5.56419","4.41562,5.54532","4.37435,5.54532","4.33308,5.54532","4.29182,5.54532","4.25055,5.54532","4.16801,5.54532","4.12675,5.56419","4.08548,5.56419","4.04421,5.56419","4.00294,5.56419","3.94104,5.56419","3.89977,5.56419","3.85851,5.56419","3.81724,5.56419","3.79661,5.54532","3.69344,5.52646","3.6728,5.52646","3.63154,5.52646","3.59027,5.5076","3.549,5.48874","3.46647,5.46988","3.4252,5.45102","3.38393,5.43215","3.34266,5.43215","3.3014,5.41329","3.2395,5.41329","3.21886,5.41329","3.17759,5.41329","3.13633,5.41329","3.09506,5.41329","3.03316,5.41329","3.01252,5.41329","2.97126,5.41329","2.92999,5.41329","2.88872,5.41329","2.82682,5.43215","2.80619,5.43215","2.74429,5.43215","2.72365,5.43215","2.68238,5.43215","2.62048,5.43215","2.57922,5.43215","2.55858,5.43215","2.51731,5.43215","2.47605,5.43215","2.43478,5.41329","2.39351,5.41329",,,,,,,,,,
"11.493,6.09231","11.4517,6.09231","11.4105,6.11117","11.3279,6.13004","11.2866,6.13004","11.2454,6.13004","11.2041,6.13004","11.1628,6.1489","11.1009,6.13004","11.0597,6.13004","11.0184,6.13004","10.9771,6.13004","10.9359,6.11117","10.8533,6.09231","10.8121,6.09231","10.7708,6.07345","10.7295,6.07345","10.6883,6.07345","10.6057,6.05459","10.5645,6.05459","10.5232,6.05459","10.4819,6.05459","10.4407,6.03573","10.3581,6.03573","10.3169,6.03573","10.2756,6.01687","10.2343,6.01687","10.1931,6.01687","10.1105,6.01687","10.0693,6.01687","10.028,6.01687","9.98672,6.01687","9.94546,6.01687","9.86292,5.998","9.82165,5.998","9.78039,5.998","9.75975,5.97914","9.71849,5.97914","9.63595,5.94142","9.59468,5.94142","9.55342,5.92256","9.53278,5.9037","9.47088,5.88483","9.40898,5.86597","9.36771,5.84711","9.32644,5.82825","9.28518,5.82825","9.24391,5.80939","9.18201,5.79053","9.14074,5.79053","9.12011,5.77166","9.07884,5.77166","9.05821,5.7528","8.97567,5.73394","8.9344,5.71508","8.89314,5.71508","8.8725,5.69622","8.83124,5.69622","8.76933,5.65849","8.72807,5.65849","8.70743,5.63963","8.6868,5.62077","8.64553,5.60191","8.60426,5.56419","8.563,5.54532","8.54236,5.52646","8.52173,5.5076","8.5011,5.48874","8.43919,5.43215","8.41856,5.41329","8.39793,5.39443","8.37729,5.37557","8.35666,5.35671","8.31539,5.33785","8.29476,5.31898","8.27412,5.31898","8.23286,5.30012","8.21222,5.30012","8.17096,5.28126","8.15032,5.28126","8.10905,5.28126","8.08842,5.28126","8.06779,5.28126","8.02652,5.28126","8.00589,5.30012","7.98525,5.30012","7.96462,5.30012","7.94398,5.30012","7.90272,5.30012","7.86145,5.30012","7.84082,5.30012","7.79955,5.28126","7.77892,5.28126","7.73765,5.28126","7.71701,5.2624","7.67575,5.2624","7.65511,5.24354","7.63448,5.22468","7.57258,5.20581","7.55194,5.20581","7.51068,5.18695","7.49004,5.18695","7.46941,5.18695","7.42814,5.16809","7.38687,5.16809","7.36624,5.16809","7.34561,5.16809","7.32497,5.16809","7.28371,5.16809","7.26307,5.18695","7.2218,5.18695","7.20117,5.18695","7.18054,5.20581","7.13927,5.22468","7.11864,5.24354","7.07737,5.2624","7.05673,5.28126","7.0361,5.30012","6.9742,5.33785","6.95357,5.35671","6.9123,5.37557","6.89166,5.39443","6.87103,5.39443","6.80913,5.41329","6.76786,5.43215","6.74723,5.43215","6.70596,5.43215","6.66469,5.43215","6.60279,5.45102","6.56153,5.45102","6.52026,5.45102","6.47899,5.45102","6.43772,5.45102","6.37582,5.43215","6.33455,5.43215","6.29329,5.43215","6.25202,5.43215","6.21075,5.43215","6.12822,5.43215","6.06632,5.43215","6.02505,5.43215","6.00441,5.43215","5.94251,5.41329","5.88061,5.43215","5.81871,5.43215","5.77744,5.43215","5.73618,5.43215","5.67427,5.43215","5.59174,5.45102","5.55047,5.45102","5.50921,5.45102","5.46794,5.45102","5.42667,5.45102","5.34414,5.45102","5.28223,5.45102","5.24097,5.45102","5.1997,5.43215","5.15843,5.45102","5.0759,5.43215","5.014,5.43215","4.97273,5.41329","4.93146,5.41329","4.86956,5.39443","4.78702,5.39443","4.74576,5.39443","4.70449,5.39443","4.64259,5.39443","4.60132,5.39443","4.51879,5.39443","4.47752,5.39443","4.43625,5.39443","4.39498,5.39443","4.35372,5.39443","4.27118,5.41329","4.22991,5.41329","4.18865,5.43215","4.14738,5.43215","4.10611,5.45102","4.02358,5.45102","3.98231,5.46988","3.94104,5.46988","3.87914,5.46988","3.83787,5.45102","3.77597,5.45102","3.7347,5.45102","3.69344,5.45102","3.65217,5.45102","3.6109,5.45102","3.52837,5.43215","3.4871,5.41329","3.44583,5.41329","3.40456,5.41329","3.3633,5.41329","3.28076,5.41329","3.2395,5.41329","3.21886,5.41329","3.17759,5.41329","3.13633,5.41329","3.07443,5.41329","3.03316,5.43215","2.99189,5.41329","2.95062,5.41329","2.92999,5.41329","2.84745,5.43215","2.80619,5.43215","2.76492,5.45102","2.72365,5.45102","2.68238,5.45102","2.62048,5.43215","2.57922,5.43215","2.53795,5.43215","2.51731,5.43215","2.49668,5.41329","2.43478,5.39443","2.39351,5.37557","2.37288,5.37557","2.33161,5.35671",,,,,,,,,,,,,,,,,,,,,,,,,,,,,,,,,,,,,,,,,,,,,,,,
"11.2247,6.80905","11.1835,6.80905","11.1422,6.80905","11.0803,6.80905","11.039,6.79019","10.9978,6.79019","10.9565,6.77133","10.9359,6.79019","10.8533,6.75247","10.8327,6.75247","10.7914,6.75247","10.7502,6.75247","10.7089,6.73361","10.6264,6.75247","10.6057,6.71475","10.5645,6.71475","10.5232,6.71475","10.5026,6.71475","10.42,6.69588","10.3788,6.71475","10.3581,6.69588","10.3169,6.71475","10.2756,6.69588","10.2137,6.71475","10.1724,6.69588","10.1518,6.69588","10.1105,6.69588","10.0693,6.69588","10.0074,6.69588","9.96609,6.69588","9.92482,6.67702","9.88356,6.65816","9.86292,6.67702","9.80102,6.6393","9.78039,6.6393","9.73912,6.6393","9.71849,6.62044","9.69785,6.6393","9.63595,6.60158","9.59468,6.60158","9.57405,6.58271","9.55342,6.58271","9.53278,6.58271","9.47088,6.56385","9.45025,6.54499","9.42961,6.54499","9.38835,6.54499","9.36771,6.54499","9.32644,6.52613","9.30581,6.50727","9.26454,6.50727","9.24391,6.50727","9.22328,6.50727","9.16137,6.48841","9.14074,6.46954","9.09947,6.48841","9.07884,6.45068","9.05821,6.45068","9.01694,6.43182","8.99631,6.45068","8.97567,6.41296","8.95504,6.41296","8.9344,6.3941","8.89314,6.3941","8.8725,6.37524","8.85187,6.35637","8.83124,6.35637","8.8106,6.33751","8.76933,6.29979","8.7487,6.28093","8.72807,6.28093","8.6868,6.26207","8.66617,6.2432","8.6249,6.22434","8.60426,6.18662","8.563,6.18662","8.54236,6.16776","8.52173,6.16776","8.48046,6.1489","8.45983,6.13004","8.43919,6.13004","8.41856,6.13004","8.39793,6.11117","8.37729,6.07345","8.33603,6.05459","8.31539,6.05459","8.29476,6.05459","8.27412,6.03573","8.21222,5.998","8.19159,5.97914","8.17096,5.97914","8.12969,5.96028","8.10905,5.94142","8.06779,5.92256","8.04715,5.88483","8.02652,5.86597","8.00589,5.86597","7.98525,5.84711","7.94398,5.79053","7.92335,5.79053","7.90272,5.77166","7.88208,5.73394","7.86145,5.71508","7.82018,5.71508","7.79955,5.69622","7.77892,5.67736","7.77892,5.67736","7.75828,5.67736","7.73765,5.63963","7.73765,5.63963","7.71701,5.62077","7.71701,5.60191","7.71701,5.60191","7.69638,5.58305","7.67575,5.54532","7.67575,5.54532","7.65511,5.54532","7.63448,5.54532","7.61385,5.54532","7.59321,5.56419","7.57258,5.58305","7.55194,5.56419","7.55194,5.60191","7.49004,5.60191","7.46941,5.62077","7.44878,5.62077","7.42814,5.62077","7.40751,5.62077","7.36624,5.65849","7.32497,5.67736","7.30434,5.69622","7.28371,5.69622","7.24244,5.69622","7.20117,5.73394","7.1599,5.7528","7.13927,5.79053","7.098,5.79053","7.07737,5.80939","7.01547,5.82825","6.9742,5.84711","6.95357,5.84711","6.9123,5.88483","6.87103,5.88483","6.80913,5.92256","6.7885,5.94142","6.74723,5.97914","6.70596,5.998","6.68533,5.998","6.62343,6.03573","6.60279,6.05459","6.56153,6.09231","6.52026,6.11117","6.49962,6.11117","6.43772,6.1489","6.39646,6.16776","6.35519,6.22434","6.33455,6.22434","6.29329,6.2432","6.23139,6.28093","6.19012,6.29979","6.14885,6.29979","6.12822,6.31865","6.08695,6.33751","6.02505,6.35637","6.00441,6.37524","5.96315,6.37524","5.92188,6.3941","5.88061,6.41296","5.79808,6.41296","5.77744,6.43182","5.71554,6.45068","5.67427,6.45068","5.63301,6.45068","5.57111,6.46954","5.52984,6.48841","5.48857,6.48841","5.4473,6.48841","5.40604,6.50727","5.3235,6.54499","5.28223,6.54499","5.2616,6.54499","5.1997,6.56385","5.15843,6.54499","5.0759,6.58271","5.03463,6.60158","4.99336,6.58271","4.95209,6.60158","4.91083,6.58271","4.84893,6.60158","4.78702,6.58271","4.74576,6.60158","4.70449,6.58271","4.66322,6.58271","4.58069,6.58271","4.53942,6.58271","4.47752,6.58271","4.43625,6.56385","4.39498,6.54499","4.31245,6.56385","4.29182,6.56385","4.22991,6.56385","4.18865,6.56385","4.16801,6.56385","4.08548,6.56385","4.02358,6.56385","3.98231,6.58271","3.94104,6.60158","3.89977,6.58271","3.81724,6.60158","3.77597,6.60158","3.71407,6.60158","3.6728,6.60158","3.65217,6.60158","3.56963,6.60158","3.52837,6.58271","3.4871,6.60158","3.44583,6.58271","3.40456,6.60158","3.32203,6.56385","3.28076,6.56385","3.2395,6.54499","3.19823,6.56385","3.13633,6.52613","3.05379,6.52613","3.01252,6.52613","2.97126,6.52613","2.95062,6.52613","2.90936,6.50727","2.82682,6.52613","2.78555,6.50727","2.74429,6.52613","2.72365,6.50727","2.68238,6.50727","2.59985,6.50727","2.55858,6.52613","2.53795,6.50727","2.49668,6.52613","2.43478,6.50727","2.37288,6.50727",,,,,,,,,,,,,,,,,,,,,,,,,,
"10.4819,7.58238","10.4407,7.58238","10.3994,7.58238","10.3169,7.56352","10.2756,7.56352","10.2343,7.56352","10.1931,7.54466","10.1518,7.5258","10.0693,7.50694","10.028,7.48807","9.98672,7.48807","9.94546,7.50694","9.90419,7.46921","9.82165,7.46921","9.78039,7.46921","9.73912,7.46921","9.69785,7.48807","9.67722,7.50694","9.59468,7.50694","9.55342,7.50694","9.51215,7.5258","9.47088,7.54466","9.42961,7.54466","9.36771,7.58238","9.32644,7.58238","9.28518,7.60124","9.24391,7.62011","9.22328,7.62011","9.14074,7.63897","9.12011,7.65783","9.07884,7.65783","9.03757,7.65783","9.01694,7.65783","8.95504,7.65783","8.9344,7.65783","8.89314,7.65783","8.8725,7.65783","8.83124,7.65783","8.76933,7.65783","8.7487,7.65783","8.70743,7.67669","8.6868,7.69555","8.64553,7.67669","8.58363,7.71441","8.563,7.73327","8.52173,7.73327","8.5011,7.75214","8.45983,7.771","8.39793,7.78986","8.37729,7.82758","8.33603,7.84644","8.29476,7.86531","8.27412,7.90303","8.19159,7.95961","8.17096,7.95961","8.12969,7.99734","8.10905,8.0162","8.06779,8.03506","8.02652,8.05392","7.98525,8.09165","7.96462,8.09165","7.92335,8.11051","7.90272,8.09165","7.84082,8.12937","7.79955,8.12937","7.77892,8.12937","7.75828,8.12937","7.71701,8.12937","7.65511,8.12937","7.63448,8.12937","7.59321,8.12937","7.57258,8.12937","7.53131,8.14823","7.49004,8.12937","7.44878,8.14823","7.42814,8.12937","7.40751,8.14823","7.36624,8.12937","7.30434,8.14823","7.28371,8.14823","7.24244,8.14823","7.20117,8.14823","7.1599,8.14823","7.098,8.14823","7.05673,8.16709","7.01547,8.18595","6.9742,8.16709","6.93293,8.18595","6.8504,8.18595","6.80913,8.18595","6.76786,8.18595","6.7266,8.18595","6.70596,8.18595","6.62343,8.16709","6.58216,8.16709","6.54089,8.14823","6.49962,8.12937","6.47899,8.12937","6.41709,8.11051","6.37582,8.07278","6.33455,8.05392","6.29329,8.05392","6.25202,8.03506","6.16948,7.99734","6.12822,7.99734","6.08695,7.97848","6.04568,7.99734","6.00441,7.97848","5.94251,7.97848","5.90125,7.97848","5.85998,7.95961","5.81871,7.94075","5.77744,7.94075","5.71554,7.94075","5.67427,7.94075","5.63301,7.94075","5.59174,7.94075","5.52984,7.94075","5.4473,7.94075","5.40604,7.94075","5.36477,7.94075","5.3235,7.92189","5.28223,7.90303","5.17907,7.90303","5.1378,7.90303","5.09653,7.88417","5.05526,7.86531","5.014,7.86531","4.93146,7.84644","4.89019,7.82758","4.82829,7.82758","4.78702,7.82758","4.74576,7.80872","4.66322,7.78986","4.62195,7.80872","4.56005,7.78986","4.53942,7.80872","4.47752,7.78986","4.41562,7.80872","4.35372,7.78986","4.31245,7.80872","4.29182,7.80872","4.22991,7.80872","4.16801,7.82758","4.10611,7.84644","4.06484,7.82758","4.02358,7.84644","3.98231,7.82758","3.92041,7.84644","3.87914,7.82758","3.83787,7.84644","3.79661,7.82758","3.77597,7.82758","3.69344,7.80872","3.6728,7.78986","3.63154,7.78986","3.59027,7.771","3.549,7.75214","3.4871,7.73327","3.4252,7.71441","3.38393,7.71441","3.34266,7.71441","3.3014,7.69555","3.2395,7.67669","3.19823,7.69555","3.15696,7.67669","3.11569,7.67669","3.07443,7.67669","2.99189,7.67669","2.95062,7.65783","2.90936,7.63897","2.86809,7.65783","2.82682,7.65783","2.74429,7.65783","2.70302,7.63897","2.66175,7.65783","2.62048,7.63897","2.57922,7.65783","2.51731,7.63897","2.47605,7.63897","2.45541,7.63897","2.39351,7.62011","2.35224,7.60124","2.31098,7.58238","2.26971,7.56352","2.22844,7.56352","2.18718,7.54466","2.16654,7.5258","2.10464,7.50694","2.06337,7.48807","2.02211,7.50694","1.98084,7.48807","1.93957,7.48807","1.87767,7.48807","1.8364,7.46921","1.81577,7.46921","1.79513,7.46921","1.75387,7.46921","1.7126,7.48807","1.67133,7.50694",,,,,,,,,,,,,,,,,,,,,,,,,,,,,,,,,,,,,,,,,,,,,,,,,,,,,,,,,,,,,,,,,
"10.5232,8.22368","10.4819,8.22368","10.4613,8.20482","10.3994,8.22368","10.3375,8.18595","10.2962,8.18595","10.255,8.16709","10.2137,8.20482","10.1518,8.18595","10.0899,8.16709","10.0693,8.18595","10.028,8.18595","9.98672,8.18595","9.90419,8.18595","9.86292,8.18595","9.82165,8.18595","9.78039,8.18595","9.75975,8.18595","9.69785,8.20482","9.63595,8.22368","9.59468,8.22368","9.55342,8.22368","9.53278,8.22368","9.45025,8.24254","9.40898,8.2614","9.38835,8.24254","9.36771,8.2614","9.32644,8.2614","9.26454,8.2614","9.24391,8.2614","9.20264,8.2614","9.16137,8.2614","9.14074,8.2614","9.09947,8.2614","9.05821,8.2614","9.03757,8.2614","8.99631,8.2614","8.95504,8.2614","8.91377,8.28026","8.8725,8.29912","8.85187,8.29912","8.85187,8.29912","8.83124,8.31799","8.76933,8.35571","8.7487,8.35571","8.72807,8.37457","8.70743,8.37457","8.66617,8.37457","8.6249,8.41229","8.60426,8.43116","8.58363,8.45002","8.54236,8.45002","8.52173,8.45002","8.48046,8.46888","8.45983,8.48774","8.41856,8.48774","8.39793,8.48774","8.37729,8.48774","8.31539,8.48774","8.29476,8.48774","8.23286,8.48774","8.21222,8.48774","8.17096,8.48774","8.10905,8.5066","8.08842,8.52546","8.04715,8.5066","8.02652,8.52546","8.00589,8.52546","7.94398,8.52546","7.94398,8.52546","7.92335,8.52546","7.88208,8.52546","7.86145,8.54433","7.84082,8.58205","7.79955,8.58205","7.77892,8.60091","7.77892,8.58205","7.75828,8.60091","7.71701,8.58205","7.67575,8.58205","7.65511,8.58205","7.65511,8.56319","7.63448,8.54433","7.59321,8.52546","7.55194,8.5066","7.53131,8.5066","7.53131,8.5066","7.51068,8.48774","7.44878,8.45002","7.42814,8.43116","7.38687,8.43116","7.34561,8.43116","7.32497,8.43116","7.28371,8.41229","7.26307,8.37457","7.20117,8.35571","7.18054,8.37457","7.1599,8.33685","7.11864,8.31799","7.07737,8.29912","7.0361,8.2614","7.01547,8.24254","6.9742,8.22368","6.89166,8.16709","6.8504,8.14823","6.80913,8.11051","6.76786,8.09165","6.74723,8.09165","6.68533,8.05392","6.62343,8.03506","6.60279,7.99734","6.54089,7.97848","6.52026,7.97848","6.43772,7.94075","6.39646,7.92189","6.35519,7.88417","6.31392,7.86531","6.27265,7.86531","6.21075,7.82758","6.16948,7.80872","6.12822,7.771","6.10758,7.73327","6.04568,7.71441","5.98378,7.67669","5.92188,7.63897","5.88061,7.62011","5.83934,7.58238","5.79808,7.54466","5.71554,7.5258","5.65364,7.5258","5.59174,7.50694","5.57111,7.48807","5.50921,7.48807","5.4473,7.46921","5.36477,7.45035","5.3235,7.45035","5.28223,7.43149","5.22033,7.41263","5.1378,7.41263","5.0759,7.41263","5.014,7.41263","4.99336,7.41263","4.93146,7.39377","4.86956,7.39377","4.80766,7.3749","4.78702,7.3749","4.72512,7.3749","4.68386,7.35604","4.60132,7.33718","4.56005,7.33718","4.49815,7.31832","4.43625,7.29946","4.39498,7.29946","4.29182,7.29946","4.22991,7.2806","4.18865,7.2806","4.14738,7.2806","4.10611,7.2806","4.04421,7.2806","3.96168,7.2806","3.89977,7.2806","3.87914,7.2806","3.81724,7.2806","3.75534,7.31832","3.69344,7.31832","3.65217,7.33718","3.59027,7.35604","3.549,7.35604","3.46647,7.3749","3.4252,7.39377","3.38393,7.3749","3.34266,7.39377","3.32203,7.3749","3.28076,7.3749","3.2395,7.3749","3.19823,7.3749","3.17759,7.35604","3.11569,7.33718","3.05379,7.33718","2.99189,7.31832","2.97126,7.29946","2.90936,7.29946","2.86809,7.29946","2.80619,7.29946","2.76492,7.29946","2.72365,7.2806","2.70302,7.26173","2.68238,7.2806","2.59985,7.26173","2.55858,7.26173","2.51731,7.2806","2.49668,7.2806","2.47605,7.2806","2.39351,7.2806","2.35224,7.2806","2.31098,7.2806","2.29034,7.2806","2.26971,7.2806","2.22844,7.2806","2.20781,7.29946","2.18718,7.29946","2.14591,7.29946",,,,,,,,,,,,,,,,,,,,,,,,,,,,,,,,,,,,,,,,,,,,,,,,,,,,,,,,,,,,,,,
"10.42,8.80839","10.3788,8.80839","10.3375,8.80839","10.2756,8.80839","10.2137,8.80839","10.1931,8.82725","10.1518,8.80839","10.1105,8.82725","10.0486,8.80839","10.028,8.80839","9.96609,8.78953","9.94546,8.78953","9.88356,8.77067","9.82165,8.77067","9.75975,8.7518","9.73912,8.7518","9.67722,8.7518","9.65658,8.7518","9.57405,8.7518","9.53278,8.7518","9.49151,8.7518","9.45025,8.7518","9.40898,8.7518","9.34708,8.77067","9.30581,8.77067","9.28518,8.77067","9.22328,8.78953","9.18201,8.78953","9.09947,8.80839","9.05821,8.82725","9.01694,8.82725","8.97567,8.84611","8.9344,8.84611","8.8725,8.86497","8.8106,8.86497","8.78997,8.86497","8.7487,8.86497","8.70743,8.86497","8.64553,8.86497","8.60426,8.86497","8.58363,8.86497","8.52173,8.84611","8.48046,8.84611","8.41856,8.82725","8.35666,8.82725","8.33603,8.82725","8.27412,8.82725","8.25349,8.80839","8.15032,8.80839","8.12969,8.80839","8.08842,8.78953","8.04715,8.78953","8.00589,8.78953","7.94398,8.78953","7.92335,8.77067","7.86145,8.77067","7.84082,8.77067","7.77892,8.77067","7.73765,8.77067","7.67575,8.77067","7.63448,8.77067","7.59321,8.77067","7.55194,8.77067","7.46941,8.77067","7.42814,8.77067","7.40751,8.77067","7.38687,8.77067","7.34561,8.77067","7.26307,8.7518","7.2218,8.7518","7.20117,8.7518","7.18054,8.73294","7.11864,8.73294","7.05673,8.71408","7.01547,8.71408","6.9742,8.71408","6.93293,8.69522","6.89166,8.69522","6.80913,8.69522","6.76786,8.69522","6.7266,8.69522","6.68533,8.69522","6.64406,8.69522","6.58216,8.71408","6.56153,8.71408","6.49962,8.71408","6.47899,8.73294","6.41709,8.73294","6.37582,8.7518","6.31392,8.7518","6.27265,8.77067","6.21075,8.77067","6.19012,8.78953","6.10758,8.80839","6.06632,8.80839","6.02505,8.80839","5.98378,8.80839","5.96315,8.80839","5.90125,8.82725","5.83934,8.82725","5.81871,8.80839","5.77744,8.80839","5.73618,8.80839","5.65364,8.78953","5.59174,8.78953","5.57111,8.78953","5.52984,8.77067","5.48857,8.77067","5.3854,8.77067","5.36477,8.77067","5.30287,8.7518","5.28223,8.7518","5.22033,8.7518","5.15843,8.77067","5.09653,8.7518","5.0759,8.7518","5.014,8.7518","4.99336,8.7518","4.91083,8.77067","4.84893,8.77067","4.80766,8.77067","4.78702,8.77067","4.72512,8.78953","4.64259,8.78953","4.62195,8.78953","4.56005,8.78953","4.53942,8.78953","4.47752,8.78953","4.43625,8.78953","4.39498,8.78953","4.35372,8.77067","4.31245,8.77067","4.27118,8.7518","4.20928,8.73294","4.14738,8.73294","4.10611,8.71408","4.06484,8.71408","4.02358,8.69522","3.94104,8.69522","3.89977,8.67636","3.85851,8.67636","3.83787,8.67636","3.77597,8.6575","3.71407,8.6575","3.65217,8.6575","3.63154,8.63863","3.56963,8.63863","3.549,8.61977","3.44583,8.63863","3.4252,8.63863","3.3633,8.63863","3.32203,8.63863","3.28076,8.63863","3.19823,8.63863","3.15696,8.63863","3.11569,8.63863","3.07443,8.63863","3.03316,8.63863","2.97126,8.61977","2.90936,8.61977","2.86809,8.61977","2.84745,8.61977","2.78555,8.60091","2.72365,8.58205","2.66175,8.58205","2.64112,8.58205","2.57922,8.58205","2.55858,8.58205","2.45541,8.58205","2.43478,8.58205","2.39351,8.58205",,,,,,,,,,,,,,,,,,,,,,,,,,,,,,,,,,,,,,,,,,,,,,,,,,,,,,,,,,,,,,,,,,,,,,,,,,,,,,,,,,,,,,,,,,,,,,
"11.4311,8.20482","11.3898,8.20482","11.3692,8.20482","11.3073,8.20482","11.2454,8.20482","11.2247,8.20482","11.1628,8.20482","11.1422,8.20482","11.039,8.18595","11.0184,8.16709","10.9565,8.16709","10.9359,8.16709","10.874,8.14823","10.8121,8.14823","10.7502,8.14823","10.7295,8.14823","10.6676,8.14823","10.647,8.16709","10.5645,8.16709","10.5232,8.18595","10.4819,8.18595","10.4407,8.18595","10.3994,8.20482","10.3375,8.20482","10.3169,8.22368","10.255,8.24254","10.2343,8.24254","10.1724,8.2614","10.1312,8.28026","10.0899,8.28026","10.0693,8.28026","10.0074,8.28026","9.98672,8.29912","9.90419,8.29912","9.88356,8.29912","9.86292,8.29912","9.82165,8.29912","9.78039,8.29912","9.71849,8.29912","9.69785,8.29912","9.65658,8.29912","9.61532,8.29912","9.57405,8.31799","9.51215,8.31799","9.49151,8.33685","9.45025,8.33685","9.40898,8.35571","9.38835,8.35571","9.34708,8.37457","9.30581,8.39343","9.28518,8.41229","9.22328,8.43116","9.22328,8.43116","9.16137,8.46888","9.12011,8.46888","9.09947,8.48774","9.07884,8.48774","9.03757,8.48774","8.99631,8.5066","8.95504,8.5066","8.9344,8.5066","8.9344,8.5066","8.91377,8.5066","8.83124,8.5066","8.78997,8.5066","8.76933,8.5066","8.76933,8.48774","8.7487,8.48774","8.66617,8.48774","8.64553,8.48774","8.6249,8.48774","8.58363,8.48774","8.54236,8.48774","8.48046,8.48774","8.45983,8.48774","8.41856,8.5066","8.39793,8.5066","8.37729,8.5066","8.31539,8.52546","8.29476,8.54433","8.25349,8.56319","8.23286,8.58205","8.21222,8.58205","8.15032,8.60091","8.12969,8.61977","8.08842,8.61977","8.06779,8.61977","8.04715,8.63863","7.98525,8.63863","7.96462,8.63863","7.94398,8.61977","7.92335,8.61977","7.88208,8.61977","7.84082,8.60091","7.82018,8.60091","7.79955,8.58205","7.75828,8.58205","7.73765,8.58205","7.69638,8.58205","7.67575,8.58205","7.61385,8.58205","7.61385,8.58205","7.57258,8.58205","7.51068,8.58205","7.42814,8.58205","7.38687,8.60091","7.34561,8.60091","7.30434,8.61977","7.2218,8.61977","7.18054,8.63863","7.13927,8.63863","7.098,8.6575","7.05673,8.6575","6.9742,8.67636","6.93293,8.67636","6.89166,8.67636","6.8504,8.67636","6.80913,8.6575","6.74723,8.61977","6.70596,8.60091","6.66469,8.60091","6.62343,8.58205","6.58216,8.56319","6.47899,8.54433","6.41709,8.52546","6.39646,8.52546","6.33455,8.52546","6.31392,8.5066","6.23139,8.5066","6.16948,8.5066","6.14885,8.5066","6.08695,8.48774","6.06632,8.48774","5.96315,8.46888","5.92188,8.46888","5.88061,8.46888","5.83934,8.45002","5.77744,8.45002","5.67427,8.45002","5.63301,8.45002","5.59174,8.43116","5.55047,8.43116","5.48857,8.43116","5.40604,8.43116","5.34414,8.41229","5.3235,8.41229","5.2616,8.39343","5.22033,8.37457","5.1378,8.35571","5.09653,8.35571","5.05526,8.33685","4.99336,8.31799","4.95209,8.29912","4.84893,8.29912","4.82829,8.28026","4.76639,8.28026","4.72512,8.28026","4.68386,8.28026","4.60132,8.2614","4.53942,8.2614","4.47752,8.2614","4.45689,8.2614","4.39498,8.24254","4.31245,8.2614","4.27118,8.2614","4.22991,8.2614","4.16801,8.28026","4.10611,8.28026","4.02358,8.28026","3.98231,8.28026","3.94104,8.28026","3.89977,8.28026","3.85851,8.28026","3.77597,8.28026","3.71407,8.2614","3.6728,8.2614","3.63154,8.24254","3.56963,8.24254","3.50773,8.22368","3.44583,8.22368","3.4252,8.22368","3.34266,8.22368","3.28076,8.22368","3.21886,8.22368","3.15696,8.22368","3.13633,8.22368","3.07443,8.22368","3.03316,8.22368","2.97126,8.22368","2.88872,8.22368","2.84745,8.24254","2.78555,8.24254","2.76492,8.24254","2.66175,8.2614","2.62048,8.2614","2.57922,8.28026","2.53795,8.2614","2.49668,8.28026",,,,,,,,,,,,,,,,,,,,,,,,,,,,,,,,,,,,,,,,,,,,,,,,,,,,,,,,,,,,,,,,,,,
"11.5136,7.56352","11.4724,7.56352","11.4311,7.58238","11.3692,7.56352","11.3279,7.58238","11.2866,7.58238","11.2454,7.56352","11.2041,7.58238","11.1422,7.54466","11.1009,7.54466","11.0597,7.5258","11.0184,7.54466","10.9771,7.50694","10.874,7.48807","10.8327,7.48807","10.7914,7.48807","10.7502,7.46921","10.7295,7.46921","10.647,7.45035","10.6057,7.46921","10.5645,7.45035","10.5232,7.46921","10.4819,7.45035","10.42,7.46921","10.3581,7.45035","10.3169,7.46921","10.2756,7.46921","10.2343,7.46921","10.1518,7.48807","10.1105,7.50694","10.0693,7.48807","10.028,7.50694","9.98672,7.48807","9.90419,7.48807","9.86292,7.48807","9.82165,7.46921","9.78039,7.45035","9.73912,7.45035","9.65658,7.43149","9.61532,7.41263","9.57405,7.41263","9.55342,7.41263","9.51215,7.41263","9.45025,7.41263","9.40898,7.41263","9.38835,7.41263","9.34708,7.43149","9.30581,7.41263","9.24391,7.45035","9.22328,7.46921","9.18201,7.46921","9.14074,7.48807","9.12011,7.5258","9.05821,7.56352","9.03757,7.58238","8.99631,7.58238","8.97567,7.60124","8.95504,7.63897","8.89314,7.65783","8.85187,7.65783","8.83124,7.65783","8.78997,7.65783","8.7487,7.67669","8.6868,7.69555","8.64553,7.67669","8.6249,7.71441","8.60426,7.71441","8.563,7.71441","8.5011,7.73327","8.48046,7.73327","8.45983,7.75214","8.41856,7.771","8.39793,7.771","8.33603,7.78986","8.29476,7.82758","8.27412,7.84644","8.23286,7.84644","8.21222,7.86531","8.15032,7.92189","8.10905,7.92189","8.08842,7.92189","8.04715,7.94075","8.02652,7.95961","7.96462,7.95961","7.92335,7.97848","7.90272,7.99734","7.86145,7.97848","7.84082,7.99734","7.77892,7.95961","7.73765,7.95961","7.69638,7.94075","7.65511,7.94075","7.63448,7.94075","7.59321,7.92189","7.55194,7.90303","7.53131,7.92189","7.49004,7.90303","7.46941,7.90303","7.42814,7.92189","7.40751,7.90303","7.36624,7.90303","7.34561,7.90303","7.30434,7.90303","7.26307,7.90303","7.20117,7.90303","7.1599,7.92189","7.13927,7.90303","7.11864,7.92189","7.05673,7.90303","7.01547,7.92189","6.99483,7.90303","6.95357,7.92189","6.93293,7.90303","6.89166,7.90303","6.87103,7.88417","6.82976,7.84644","6.80913,7.84644","6.7885,7.82758","6.74723,7.78986","6.70596,7.771","6.66469,7.73327","6.64406,7.71441","6.62343,7.71441","6.56153,7.69555","6.54089,7.67669","6.52026,7.67669","6.47899,7.67669","6.45836,7.65783","6.39646,7.63897","6.35519,7.65783","6.31392,7.63897","6.29329,7.65783","6.25202,7.63897","6.16948,7.67669","6.12822,7.69555","6.08695,7.69555","6.04568,7.67669","6.00441,7.69555","5.94251,7.69555","5.90125,7.69555","5.88061,7.67669","5.85998,7.69555","5.79808,7.67669","5.73618,7.67669","5.69491,7.65783","5.65364,7.63897","5.61237,7.63897","5.57111,7.62011","5.50921,7.60124","5.46794,7.60124","5.42667,7.60124","5.3854,7.60124","5.36477,7.58238","5.28223,7.56352","5.24097,7.58238","5.1997,7.56352","5.15843,7.58238","5.1378,7.56352","5.0759,7.58238","5.014,7.58238","4.97273,7.58238","4.93146,7.58238","4.89019,7.58238","4.82829,7.60124","4.80766,7.62011","4.76639,7.60124","4.72512,7.62011","4.70449,7.60124","4.62195,7.60124","4.58069,7.58238","4.53942,7.56352","4.51879,7.56352","4.47752,7.56352","4.39498,7.54466","4.35372,7.50694","4.31245,7.50694","4.27118,7.48807","4.22991,7.50694","4.16801,7.48807","4.12675,7.50694","4.10611,7.48807","4.04421,7.50694","4.00294,7.48807","3.94104,7.5258","3.89977,7.5258","3.85851,7.5258","3.81724,7.54466","3.79661,7.54466","3.71407,7.54466","3.6728,7.54466","3.63154,7.56352","3.59027,7.58238","3.549,7.56352","3.4871,7.60124","3.44583,7.60124","3.40456,7.60124","3.3633,7.58238","3.34266,7.56352","3.28076,7.58238","3.2395,7.56352","3.19823,7.56352","3.13633,7.56352","3.11569,7.54466","3.03316,7.5258","2.99189,7.54466","2.95062,7.54466","2.92999,7.54466","2.88872,7.54466","2.82682,7.54466","2.78555,7.54466","2.74429,7.56352","2.70302,7.58238","2.68238,7.58238","2.62048,7.60124","2.57922,7.62011","2.53795,7.62011","2.49668,7.63897","2.47605,7.65783","2.43478,7.65783","2.39351,7.65783","2.35224,7.65783","2.33161,7.65783","2.31098,7.65783","2.24908,7.65783","2.20781,7.65783",,,,,,,,,,,,,,,,,,,,,,,,,,,,,,,,,,,,,,,,
"12.4421,7.84644","12.4215,7.84644","12.3596,7.84644","12.3183,7.84644","12.2771,7.84644","12.2358,7.84644","12.1945,7.82758","12.1739,7.84644","12.0707,7.82758","12.0501,7.84644","11.9882,7.80872","11.9676,7.80872","11.9057,7.80872","11.8438,7.80872","11.8025,7.80872","11.7406,7.80872","11.72,7.80872","11.6787,7.80872","11.5962,7.80872","11.5549,7.82758","11.5136,7.82758","11.4724,7.84644","11.4311,7.82758","11.3485,7.84644","11.3073,7.84644","11.266,7.84644","11.2247,7.86531","11.1835,7.88417","11.1216,7.86531","11.1009,7.88417","11.0597,7.86531","11.0184,7.88417","10.9771,7.86531","10.9152,7.86531","10.8946,7.86531","10.8327,7.86531","10.8121,7.86531","10.7502,7.84644","10.7089,7.82758","10.6676,7.82758","10.6264,7.82758","10.5851,7.82758","10.5438,7.82758","10.5026,7.82758","10.4613,7.82758","10.42,7.82758","10.3994,7.82758","10.3375,7.82758","10.2962,7.84644","10.2756,7.82758","10.2137,7.84644","10.1931,7.86531","10.1518,7.88417","10.0899,7.90303","10.0693,7.94075","10.028,7.95961","9.98672,7.94075","9.96609,7.95961","9.92482,7.95961","9.88356,7.97848","9.84229,7.99734","9.82165,7.99734","9.75975,7.99734","9.71849,7.99734","9.67722,8.0162","9.65658,8.03506","9.59468,8.0162","9.57405,8.03506","9.49151,8.03506","9.47088,8.05392","9.45025,8.07278","9.40898,8.05392","9.36771,8.07278","9.30581,8.09165","9.30581,8.11051","9.26454,8.11051","9.24391,8.11051","9.20264,8.12937","9.14074,8.16709","9.12011,8.18595","9.07884,8.16709","9.05821,8.20482","9.03757,8.22368","8.97567,8.24254","8.95504,8.28026","8.91377,8.28026","8.89314,8.29912","8.8725,8.28026","8.8106,8.29912","8.78997,8.29912","8.7487,8.29912","8.70743,8.29912","8.6868,8.29912","8.64553,8.28026","8.6249,8.28026","8.563,8.28026","8.54236,8.2614","8.5011,8.24254","8.43919,8.24254","8.41856,8.24254","8.37729,8.22368","8.35666,8.20482","8.33603,8.22368","8.27412,8.20482","8.25349,8.20482","8.19159,8.22368","8.19159,8.20482","8.17096,8.22368","8.08842,8.20482","8.04715,8.22368","8.02652,8.20482","8.00589,8.22368","7.94398,8.22368","7.90272,8.24254","7.86145,8.2614","7.84082,8.24254","7.77892,8.2614","7.75828,8.24254","7.67575,8.2614","7.63448,8.24254","7.61385,8.24254","7.59321,8.24254","7.55194,8.24254","7.46941,8.22368","7.42814,8.20482","7.38687,8.20482","7.36624,8.20482","7.34561,8.18595","7.24244,8.16709","7.2218,8.18595","7.1599,8.16709","7.13927,8.16709","7.07737,8.16709","7.01547,8.16709","6.95357,8.16709","6.9123,8.16709","6.89166,8.16709","6.82976,8.16709","6.76786,8.16709","6.70596,8.16709","6.68533,8.16709","6.62343,8.18595","6.58216,8.16709","6.52026,8.20482","6.45836,8.20482","6.41709,8.20482","6.37582,8.20482","6.33455,8.20482","6.25202,8.20482","6.21075,8.20482","6.16948,8.18595","6.10758,8.18595","6.04568,8.16709","5.96315,8.18595","5.92188,8.16709","5.85998,8.18595","5.79808,8.16709","5.77744,8.20482","5.67427,8.20482","5.63301,8.20482","5.59174,8.20482","5.55047,8.22368","5.50921,8.20482","5.42667,8.24254","5.3854,8.24254","5.34414,8.2614","5.28223,8.24254","5.22033,8.28026","5.1378,8.28026","5.09653,8.29912","5.05526,8.28026","5.014,8.29912","4.97273,8.28026","4.89019,8.29912","4.84893,8.28026","4.80766,8.29912","4.76639,8.28026","4.72512,8.29912","4.64259,8.29912","4.60132,8.29912","4.58069,8.29912","4.49815,8.31799","4.45689,8.33685","4.39498,8.33685","4.37435,8.33685","4.31245,8.33685","4.29182,8.33685","4.22991,8.35571","4.16801,8.37457","4.10611,8.37457","4.06484,8.39343","4.02358,8.43116","3.98231,8.43116","3.89977,8.46888","3.83787,8.46888","3.77597,8.48774","3.75534,8.46888","3.69344,8.48774","3.63154,8.48774","3.56963,8.48774","3.52837,8.48774","3.4871,8.48774","3.44583,8.48774","3.3633,8.46888","3.3014,8.48774","3.21886,8.48774","3.17759,8.48774","3.13633,8.5066","3.05379,8.54433","3.01252,8.54433","2.95062,8.54433","2.90936,8.56319","2.88872,8.54433","2.78555,8.56319","2.74429,8.54433","2.68238,8.58205","2.62048,8.58205","2.57922,8.58205","2.49668,8.60091",,,,,,,,,,,,,,,,,,,,,,,,,,,,,,,,,,,,,,,,,,,,,,
"12.731,6.58271","12.6897,6.58271","12.6691,6.58271","12.5866,6.58271","12.5247,6.58271","12.4834,6.60158","12.4421,6.58271","12.4009,6.62044","12.3183,6.6393","12.2771,6.6393","12.2152,6.6393","12.1739,6.65816","12.1326,6.67702","12.0501,6.65816","12.0295,6.67702","11.9882,6.65816","11.9469,6.65816","11.9263,6.65816","11.8438,6.6393","11.8025,6.60158","11.7612,6.58271","11.72,6.58271","11.6787,6.56385","11.5962,6.52613","11.5549,6.50727","11.5136,6.50727","11.4724,6.48841","11.4311,6.46954","11.3485,6.48841","11.3073,6.46954","11.2866,6.48841","11.2454,6.46954","11.2041,6.48841","11.1216,6.46954","11.0803,6.50727","11.039,6.50727","10.9978,6.52613","10.9565,6.52613","10.874,6.54499","10.8327,6.56385","10.7914,6.54499","10.7502,6.56385","10.7089,6.56385","10.647,6.54499","10.6057,6.56385","10.5645,6.54499","10.5438,6.54499","10.5026,6.52613","10.42,6.48841","10.3994,6.48841","10.3581,6.46954","10.3169,6.46954","10.2756,6.45068","10.2137,6.41296","10.1724,6.3941","10.1312,6.41296","10.1105,6.3941","10.0899,6.3941","10.028,6.37524","9.98672,6.37524","9.96609,6.35637","9.94546,6.37524","9.90419,6.35637","9.84229,6.37524","9.82165,6.37524","9.78039,6.37524","9.75975,6.37524","9.71849,6.3941","9.65658,6.41296","9.63595,6.41296","9.59468,6.41296","9.57405,6.41296","9.55342,6.41296","9.49151,6.41296","9.47088,6.41296","9.45025,6.3941","9.42961,6.3941","9.40898,6.3941","9.36771,6.37524","9.32644,6.33751","9.30581,6.31865","9.28518,6.31865","9.26454,6.29979","9.22328,6.26207","9.20264,6.2432","9.18201,6.2432","9.16137,6.22434","9.14074,6.20548","9.09947,6.18662","9.07884,6.16776","9.05821,6.16776","9.03757,6.16776","9.01694,6.16776","8.97567,6.1489","8.97567,6.13004","8.9344,6.1489","8.91377,6.13004","8.89314,6.1489","8.85187,6.13004","8.83124,6.1489","8.78997,6.1489","8.76933,6.1489","8.72807,6.1489","8.6868,6.1489","8.64553,6.1489","8.6249,6.1489","8.60426,6.1489","8.58363,6.1489","8.54236,6.13004","8.52173,6.1489","8.5011,6.11117","8.48046,6.09231","8.45983,6.09231","8.41856,6.07345","8.39793,6.03573","8.37729,6.01687","8.35666,6.01687","8.33603,5.998","8.29476,5.94142","8.27412,5.94142","8.25349,5.92256","8.23286,5.9037","8.21222,5.9037","8.17096,5.88483","8.15032,5.86597","8.12969,5.86597","8.10905,5.86597","8.10905,5.86597","8.06779,5.86597","8.06779,5.88483","8.04715,5.86597","8.02652,5.88483","8.00589,5.88483","7.96462,5.9037","7.94398,5.94142","7.92335,5.96028","7.90272,5.96028","7.86145,5.97914","7.82018,6.03573","7.77892,6.03573","7.75828,6.05459","7.73765,6.09231","7.71701,6.09231","7.67575,6.11117","7.63448,6.11117","7.61385,6.11117","7.59321,6.11117","7.55194,6.11117","7.49004,6.11117","7.46941,6.11117","7.42814,6.11117","7.40751,6.11117","7.36624,6.09231","7.28371,6.11117","7.24244,6.09231","7.20117,6.11117","7.18054,6.11117","7.1599,6.11117","7.098,6.13004","7.05673,6.1489","7.0361,6.1489","7.01547,6.16776","6.99483,6.20548","6.95357,6.26207","6.9123,6.26207","6.89166,6.29979","6.8504,6.33751","6.82976,6.37524","6.74723,6.43182","6.7266,6.48841","6.68533,6.50727","6.66469,6.54499","6.64406,6.56385","6.58216,6.58271","6.56153,6.60158","6.52026,6.60158","6.49962,6.60158","6.47899,6.62044","6.41709,6.6393","6.37582,6.6393","6.35519,6.6393","6.29329,6.6393","6.25202,6.6393","6.16948,6.65816","6.10758,6.69588","6.06632,6.69588","6.02505,6.71475","5.98378,6.71475","5.90125,6.73361","5.85998,6.77133","5.83934,6.79019","5.79808,6.80905","5.75681,6.82792","5.69491,6.86564","5.65364,6.8845","5.61237,6.94109","5.57111,6.94109","5.52984,6.97881","5.46794,7.01653","5.42667,7.05426","5.3854,7.07312","5.34414,7.09198","5.30287,7.09198","5.22033,7.11084","5.17907,7.11084","5.1378,7.1297","5.11716,7.1297","5.0759,7.1297","4.99336,7.11084","4.95209,7.1297","4.89019,7.11084","4.84893,7.1297","4.80766,7.11084","4.72512,7.1297","4.66322,7.1297","4.62195,7.14856","4.58069,7.16743","4.53942,7.16743","4.47752,7.18629","4.43625,7.22401","4.39498,7.24287","4.35372,7.24287","4.31245,7.26173","4.22991,7.31832","4.16801,7.31832","4.12675,7.33718","4.08548,7.35604","4.04421,7.35604","3.94104,7.35604","3.89977,7.3749","3.85851,7.3749","3.83787,7.3749","3.79661,7.3749","3.7347,7.35604","3.6728,7.33718","3.65217,7.33718","3.6109,7.31832","3.56963,7.2806","3.4871,7.26173","3.44583,7.26173","3.4252,7.24287","3.3633,7.22401","3.34266,7.22401","3.26013,7.22401","3.2395,7.22401","3.19823,7.22401","3.13633,7.22401","3.11569,7.22401","3.03316,7.22401","2.99189,7.24287","2.95062,7.24287","2.90936,7.24287","2.84745,7.26173","2.76492,7.29946","2.70302,7.29946","2.66175,7.29946","2.62048,7.29946","2.57922,7.29946","2.51731,7.29946","2.47605,7.2806","2.43478,7.26173","2.39351,7.26173","2.37288,7.24287","2.31098,7.20515","2.26971,7.18629"